trial,ticks_simulated,completed_flag,mission_duration_min,recall_time_min,pois_appeared,pois_found,pois_reported_on_time,pois_late_or_unreported,avg_appear_to_report_delay_min,max_appear_to_report_delay_min,drones_used,longest_flight_min,violations_over_20min_flight,violations_late_landing,violations_late_report,total_rule_breaks,drones_in_air_at_end,connectivity_availability_pct,communication_downtime_s,relay_reallocations,min_interuav_separation_m,priority_weighted_completion_pct,priority_weighted_decay_pct,packets_sent,packets_delivered,packet_delivery_ratio_pct,avg_packet_latency_ticks,max_packet_latency_ticks,failure_occurred,failure_tick,failure_role,recovered,recovery_ticks,reconfig_efficiency_pct,collision_count
1,114,1,15.466666666666667,12.0,10,10,10,0,3.5333333333333337,8.533333333333333,36,13.2,0,0,0,0,0,100.0,0,0,40.0,100.0,100.0,10,10,100.0,9.6,18,0,nan,none,0,nan,nan,0
2,140,1,18.933333333333334,15.733333333333333,10,10,10,0,3.853333333333333,10.133333333333333,37,16.0,0,0,0,0,0,89.65517241379311,96,0,40.0,100.0,100.0,10,10,100.0,8.3,15,1,101,trunk,1,12,50.0,0
3,123,1,16.666666666666668,13.466666666666667,10,10,10,0,5.053333333333333,8.0,36,13.733333333333333,0,0,0,0,0,98.98989898989899,8,0,40.0,100.0,100.0,10,10,100.0,9.1,17,0,nan,none,0,nan,nan,0
4,138,1,18.666666666666668,15.466666666666667,10,10,10,0,4.986666666666666,10.4,36,16.933333333333334,0,0,0,0,0,85.96491228070175,128,0,40.0,100.0,100.0,10,10,100.0,9.3,20,1,46,line,1,11,90.9090909090909,0
5,125,1,16.933333333333334,13.733333333333333,10,10,10,0,4.08,8.0,36,14.0,0,0,0,0,0,99.00990099009901,8,0,40.0,100.0,100.0,10,10,100.0,11.7,16,0,nan,none,0,nan,nan,0
6,126,1,17.066666666666666,13.866666666666667,10,10,10,0,3.4666666666666663,7.466666666666667,36,14.133333333333333,0,0,0,0,0,99.01960784313727,8,0,40.0,100.0,100.0,10,10,100.0,10.5,21,0,nan,none,0,nan,nan,0
7,123,1,16.666666666666668,13.466666666666667,10,10,10,0,3.0533333333333332,6.0,37,16.266666666666666,0,0,0,0,0,95.95959595959596,32,0,40.0,100.0,100.0,10,10,100.0,9.3,13,1,60,sentinel,1,4,75.0,0
8,327,1,43.86666666666667,39.6,10,5,5,0,19.973333333333336,34.13333333333333,70,38.13333333333333,2,0,0,2,0,76.61016949152543,552,19,40.0,35.0,35.0,5,5,100.0,9.4,14,1,54,trunk,0,nan,nan,0
9,144,1,19.466666666666665,16.266666666666666,10,10,10,0,4.28,10.8,38,16.533333333333335,0,0,0,0,0,91.66666666666666,80,0,40.0,100.0,100.0,10,10,100.0,9.5,16,1,83,trunk,1,11,90.9090909090909,0
10,120,1,16.266666666666666,12.0,10,10,10,0,3.6,8.266666666666667,30,14.933333333333334,0,0,0,0,0,79.54545454545455,144,0,40.0,100.0,100.0,10,10,100.0,9.1,15,1,62,line,1,19,94.73684210526315,0
11,130,1,17.6,14.4,10,10,10,0,4.36,8.0,36,14.666666666666666,0,0,0,0,0,99.05660377358491,8,0,40.0,100.0,100.0,10,10,100.0,8.6,16,0,nan,none,0,nan,nan,0
12,135,1,18.266666666666666,15.066666666666666,10,10,10,0,3.8133333333333335,9.6,36,15.333333333333334,0,0,0,0,0,99.09909909909909,8,0,40.0,100.0,100.0,10,10,100.0,11.2,24,0,nan,none,0,nan,nan,0
13,113,1,15.333333333333334,11.733333333333333,10,10,10,0,2.7466666666666666,7.466666666666667,34,13.333333333333334,0,0,0,0,0,100.0,0,0,40.0,100.0,100.0,10,10,100.0,10.9,16,0,nan,none,0,nan,nan,0
14,109,1,14.8,10.666666666666666,10,10,10,0,2.7866666666666666,5.2,29,14.266666666666667,0,0,0,0,0,89.74358974358975,64,0,40.0,100.0,100.0,10,10,100.0,8.5,17,1,73,line,0,nan,nan,0
15,108,1,14.666666666666666,10.533333333333333,10,10,10,0,2.8933333333333335,6.533333333333333,28,13.466666666666667,0,0,0,0,0,100.0,0,0,40.0,100.0,100.0,10,10,100.0,8.7,19,0,nan,none,0,nan,nan,0
16,135,1,18.266666666666666,15.066666666666666,10,10,10,0,4.2,10.133333333333333,36,15.333333333333334,0,0,0,0,0,99.09909909909909,8,0,40.0,100.0,100.0,10,10,100.0,8.6,16,0,nan,none,0,nan,nan,0
17,130,1,17.6,14.4,10,10,10,0,3.4,7.333333333333333,36,14.666666666666666,0,0,0,0,0,99.05660377358491,8,0,40.0,100.0,100.0,10,10,100.0,9.0,17,0,nan,none,0,nan,nan,0
18,132,1,17.866666666666667,14.666666666666666,10,10,10,0,3.3600000000000003,7.6,36,14.933333333333334,0,0,0,0,0,99.07407407407408,8,0,40.0,100.0,100.0,10,10,100.0,11.0,18,0,nan,none,0,nan,nan,0
19,109,1,14.8,10.133333333333333,10,10,10,0,4.279999999999999,9.333333333333334,26,13.333333333333334,0,0,0,0,0,100.0,0,0,40.0,100.0,100.0,10,10,100.0,12.3,19,0,nan,none,0,nan,nan,0
20,131,1,17.733333333333334,14.0,10,10,10,0,5.04,11.466666666666667,36,16.533333333333335,0,0,0,0,0,82.52427184466019,144,0,40.0,100.0,100.0,10,10,100.0,11.2,18,1,51,line,1,18,66.66666666666666,0
21,142,1,19.2,16.0,10,10,10,0,5.213333333333333,11.866666666666667,37,17.066666666666666,0,0,0,0,0,83.89830508474576,152,0,40.0,100.0,100.0,10,10,100.0,10.8,17,1,62,line,1,19,94.73684210526315,0
22,113,1,15.333333333333334,11.866666666666667,10,10,10,0,2.8933333333333335,9.6,35,13.333333333333334,0,0,0,0,0,100.0,0,0,40.0,100.0,100.0,10,10,100.0,8.7,14,0,nan,none,0,nan,nan,0
23,109,1,14.8,10.133333333333333,10,10,10,0,3.9733333333333336,8.133333333333333,26,13.333333333333334,0,0,0,0,0,100.0,0,0,40.0,100.0,100.0,10,10,100.0,11.8,20,0,nan,none,0,nan,nan,0
24,131,1,17.733333333333334,14.533333333333333,10,10,10,0,4.8133333333333335,8.666666666666666,36,14.8,0,0,0,0,0,99.06542056074767,8,0,40.0,100.0,100.0,10,10,100.0,12.0,18,0,nan,none,0,nan,nan,0
25,109,1,14.8,10.133333333333333,10,10,10,0,3.413333333333333,8.666666666666666,26,13.333333333333334,0,0,0,0,0,100.0,0,0,40.0,100.0,100.0,10,10,100.0,10.1,19,0,nan,none,0,nan,nan,0
26,129,1,17.466666666666665,14.266666666666667,10,10,10,0,4.786666666666667,9.6,37,14.533333333333333,0,0,0,0,0,94.28571428571428,48,0,40.0,100.0,100.0,10,10,100.0,10.9,15,1,90,trunk,1,6,66.66666666666666,0
27,103,1,14.0,9.733333333333333,10,10,10,0,2.746666666666667,8.266666666666667,24,12.666666666666666,0,0,0,0,0,100.0,0,0,40.0,100.0,100.0,10,10,100.0,11.3,18,0,nan,none,0,nan,nan,0
28,140,1,18.933333333333334,15.733333333333333,10,10,10,0,3.1866666666666665,9.333333333333334,36,17.6,0,0,0,0,0,89.65517241379311,96,0,40.0,100.0,100.0,10,10,100.0,9.8,16,1,49,line,1,13,84.61538461538461,0
29,113,1,15.333333333333334,11.733333333333333,10,10,10,0,2.3733333333333335,5.6,34,13.333333333333334,0,0,0,0,0,100.0,0,0,40.0,100.0,100.0,10,10,100.0,8.9,15,0,nan,none,0,nan,nan,0
30,109,1,14.8,10.133333333333333,10,10,10,0,2.8666666666666663,5.866666666666666,26,13.333333333333334,0,0,0,0,0,100.0,0,0,40.0,100.0,100.0,10,10,100.0,12.4,17,0,nan,none,0,nan,nan,0
31,110,1,14.933333333333334,10.8,10,10,10,0,3.1733333333333333,9.866666666666667,30,13.2,0,0,0,0,0,100.0,0,0,40.0,100.0,100.0,10,10,100.0,7.8,16,0,nan,none,0,nan,nan,0
32,135,1,18.266666666666666,15.066666666666666,10,10,10,0,4.4,9.466666666666667,36,15.333333333333334,0,0,0,0,0,99.09909909909909,8,0,40.0,100.0,100.0,10,10,100.0,9.6,20,0,nan,none,0,nan,nan,0
33,108,1,14.666666666666666,10.533333333333333,10,10,10,0,2.9466666666666668,6.4,28,13.466666666666667,0,0,0,0,0,100.0,0,0,40.0,100.0,100.0,10,10,100.0,9.6,16,0,nan,none,0,nan,nan,0
34,131,1,17.733333333333334,14.533333333333333,10,10,10,0,4.173333333333334,7.733333333333333,36,14.8,0,0,0,0,0,99.06542056074767,8,0,40.0,100.0,100.0,10,10,100.0,9.7,15,0,nan,none,0,nan,nan,0
35,122,1,16.533333333333335,12.933333333333334,10,10,10,0,4.4399999999999995,8.666666666666666,36,15.2,0,0,0,0,0,84.21052631578947,120,0,40.0,100.0,100.0,10,10,100.0,11.6,18,1,41,line,1,12,83.33333333333334,0
36,130,1,17.6,14.4,10,10,10,0,1.9066666666666667,6.133333333333334,36,14.666666666666666,0,0,0,0,0,99.05660377358491,8,0,40.0,100.0,100.0,10,10,100.0,8.2,13,0,nan,none,0,nan,nan,0
37,137,1,18.533333333333335,15.333333333333334,10,10,10,0,3.2666666666666666,9.6,37,15.6,0,0,0,0,0,91.1504424778761,80,0,40.0,100.0,100.0,10,10,100.0,10.0,16,1,66,trunk,1,9,88.88888888888889,0
38,140,1,18.933333333333334,15.733333333333333,10,10,10,0,3.3600000000000003,7.733333333333333,37,16.0,0,0,0,0,0,89.65517241379311,96,0,40.0,100.0,100.0,10,10,100.0,9.0,17,1,103,line,1,13,69.23076923076923,0
39,101,1,13.733333333333333,9.6,10,10,10,0,3.013333333333333,5.066666666666666,24,12.4,0,0,0,0,0,100.0,0,0,40.0,100.0,100.0,10,10,100.0,10.2,15,0,nan,none,0,nan,nan,0
40,132,1,17.866666666666667,14.666666666666666,10,10,10,0,4.826666666666666,9.6,36,14.933333333333334,0,0,0,0,0,99.07407407407408,8,0,40.0,100.0,100.0,10,10,100.0,10.1,17,0,nan,none,0,nan,nan,0
41,139,1,18.8,15.6,10,10,10,0,3.9466666666666668,7.466666666666667,37,15.866666666666667,0,0,0,0,0,89.56521739130436,96,0,40.0,100.0,100.0,10,10,100.0,8.4,20,1,100,trunk,1,12,66.66666666666666,0
42,116,1,15.733333333333333,12.133333333333333,10,10,10,0,1.9466666666666665,5.866666666666666,36,13.333333333333334,0,0,0,0,0,100.0,0,0,40.0,100.0,100.0,10,10,100.0,10.7,16,0,nan,none,0,nan,nan,0
43,132,1,17.866666666666667,14.666666666666666,10,10,10,0,3.88,8.133333333333333,36,14.933333333333334,0,0,0,0,0,99.07407407407408,8,0,40.0,100.0,100.0,10,10,100.0,9.5,20,0,nan,none,0,nan,nan,0
44,143,1,19.333333333333332,16.133333333333333,10,10,10,0,3.08,10.133333333333333,37,18.8,0,0,0,0,0,89.91596638655463,96,0,40.0,100.0,100.0,10,10,100.0,9.3,18,1,49,line,1,13,84.61538461538461,0
45,128,1,17.333333333333332,14.133333333333333,10,10,10,0,4.92,8.8,36,14.4,0,0,0,0,0,99.03846153846155,8,0,40.0,100.0,100.0,10,10,100.0,11.0,18,0,nan,none,0,nan,nan,0
46,138,1,18.666666666666668,15.466666666666667,10,10,10,0,4.093333333333334,8.4,36,17.866666666666667,0,0,0,0,0,85.08771929824562,136,0,40.0,100.0,100.0,10,10,100.0,9.1,16,1,43,line,1,12,66.66666666666666,0
47,120,1,16.266666666666666,12.933333333333334,10,10,10,0,4.76,6.933333333333334,36,13.733333333333333,0,0,0,0,0,98.94736842105263,8,0,40.0,100.0,100.0,10,10,100.0,10.5,16,0,nan,none,0,nan,nan,0
48,132,1,17.866666666666667,14.666666666666666,10,10,10,0,4.08,9.6,36,14.933333333333334,0,0,0,0,0,99.07407407407408,8,0,40.0,100.0,100.0,10,10,100.0,10.0,15,0,nan,none,0,nan,nan,0
49,126,1,17.066666666666666,12.4,10,10,10,0,5.373333333333333,10.4,32,15.6,0,0,0,0,0,100.0,0,0,40.0,100.0,100.0,10,10,100.0,12.3,19,1,62,line,1,19,94.73684210526315,0
50,325,1,58.53333333333333,42.266666666666666,10,1,1,0,0.0,0.0,33,42.4,3,2,0,5,0,17.307692307692307,2064,3,40.0,9.090909090909092,9.090909090909092,1,1,100.0,6.0,6,1,37,line,1,142,4.225352112676056,0
51,132,1,17.866666666666667,14.666666666666666,10,10,10,0,4.026666666666666,8.0,36,14.933333333333334,0,0,0,0,0,99.07407407407408,8,0,40.0,100.0,100.0,10,10,100.0,11.7,19,0,nan,none,0,nan,nan,0
52,109,1,14.8,11.066666666666666,10,10,10,0,3.1333333333333337,6.4,31,13.333333333333334,0,0,0,0,0,100.0,0,0,40.0,100.0,100.0,10,10,100.0,10.7,19,0,nan,none,0,nan,nan,0
53,325,1,59.6,42.8,10,0,0,0,nan,nan,33,43.2,3,2,0,5,0,16.30094043887147,2136,3,40.0,0.0,0.0,0,0,nan,nan,nan,1,35,sentinel,1,140,2.142857142857143,0
54,145,1,19.6,16.4,10,10,10,0,4.666666666666666,9.2,37,18.4,0,0,0,0,0,87.60330578512396,120,0,40.0,100.0,100.0,10,10,100.0,9.6,18,1,46,line,1,14,71.42857142857143,0
55,111,1,15.066666666666666,10.8,10,10,10,0,3.1733333333333333,7.466666666666667,30,14.0,0,0,0,0,0,93.67088607594937,40,0,40.0,100.0,100.0,10,10,100.0,9.8,23,1,77,trunk,0,nan,nan,0
56,122,1,16.533333333333335,12.666666666666666,10,10,10,0,2.666666666666667,6.0,37,14.133333333333333,0,0,0,0,0,91.39784946236558,64,0,40.0,100.0,100.0,10,10,100.0,10.6,17,1,74,trunk,1,9,88.88888888888889,0
57,109,1,14.8,10.133333333333333,10,10,10,0,2.8266666666666667,8.4,26,13.333333333333334,0,0,0,0,0,100.0,0,0,40.0,100.0,100.0,10,10,100.0,10.8,18,0,nan,none,0,nan,nan,0
58,125,1,16.933333333333334,12.533333333333333,10,10,10,0,1.8266666666666667,4.933333333333334,35,16.133333333333333,0,0,0,0,0,78.26086956521739,160,0,40.0,100.0,100.0,10,10,100.0,11.5,17,1,69,line,1,22,95.45454545454545,0
59,132,1,17.866666666666667,14.666666666666666,10,10,10,0,3.7733333333333334,7.066666666666666,37,14.933333333333334,0,0,0,0,0,99.07407407407408,8,0,40.0,100.0,100.0,10,10,100.0,8.5,13,1,50,trunk,1,5,80.0,0
60,135,1,18.266666666666666,15.066666666666666,10,10,10,0,2.8400000000000003,9.866666666666667,37,15.333333333333334,0,0,0,0,0,96.3963963963964,32,0,40.0,100.0,100.0,10,10,100.0,9.9,19,1,111,trunk,0,nan,nan,0
61,151,1,20.4,17.2,10,10,10,0,6.0,12.133333333333333,39,19.2,0,0,0,0,0,83.46456692913385,168,0,40.0,100.0,100.0,10,10,100.0,11.1,17,1,66,line,1,21,95.23809523809523,0
62,116,1,15.733333333333333,12.133333333333333,10,10,10,0,2.32,6.533333333333333,36,13.333333333333334,0,0,0,0,0,100.0,0,0,40.0,100.0,100.0,10,10,100.0,9.8,14,0,nan,none,0,nan,nan,0
63,144,1,19.466666666666665,16.266666666666666,10,10,10,0,4.48,8.533333333333333,37,18.533333333333335,0,0,0,0,0,89.16666666666667,104,0,40.0,100.0,100.0,10,10,100.0,8.3,12,1,49,line,1,13,84.61538461538461,0
64,132,1,17.866666666666667,14.666666666666666,10,10,10,0,3.96,9.066666666666666,36,14.933333333333334,0,0,0,0,0,99.07407407407408,8,0,40.0,100.0,100.0,10,10,100.0,9.5,16,0,nan,none,0,nan,nan,0
65,129,1,17.466666666666665,14.266666666666667,10,10,10,0,4.746666666666667,6.533333333333333,36,14.533333333333333,0,0,0,0,0,99.04761904761905,8,0,40.0,100.0,100.0,10,10,100.0,11.4,19,0,nan,none,0,nan,nan,0
66,110,1,14.933333333333334,11.333333333333334,10,10,10,0,2.6933333333333334,8.266666666666667,32,13.2,0,0,0,0,0,100.0,0,0,40.0,100.0,100.0,10,10,100.0,10.7,18,0,nan,none,0,nan,nan,0
67,134,1,18.133333333333333,14.933333333333334,10,10,10,0,4.786666666666667,9.333333333333334,37,15.333333333333334,0,0,0,0,0,92.72727272727272,64,0,40.0,100.0,100.0,10,10,100.0,10.9,19,1,68,trunk,1,7,85.71428571428571,0
68,114,1,15.466666666666667,12.266666666666667,10,10,10,0,2.92,6.933333333333334,36,13.333333333333334,0,0,0,0,0,100.0,0,0,40.0,100.0,100.0,10,10,100.0,10.7,16,0,nan,none,0,nan,nan,0
69,108,1,14.666666666666666,11.2,10,10,10,0,2.1066666666666665,5.6,32,13.333333333333334,0,0,0,0,0,100.0,0,0,40.0,100.0,100.0,10,10,100.0,9.0,17,0,nan,none,0,nan,nan,0
70,135,1,18.266666666666666,15.066666666666666,10,10,10,0,3.0533333333333332,5.733333333333333,36,15.333333333333334,0,0,0,0,0,99.09909909909909,8,0,40.0,100.0,100.0,10,10,100.0,8.7,18,0,nan,none,0,nan,nan,0
71,148,1,20.0,16.0,10,10,10,0,3.9066666666666663,12.133333333333333,37,18.0,0,0,0,0,0,81.35593220338984,176,0,40.0,100.0,100.0,10,10,100.0,10.7,19,1,72,line,1,23,95.65217391304348,0
72,135,1,18.266666666666666,15.066666666666666,10,10,10,0,4.226666666666667,8.533333333333333,36,15.333333333333334,0,0,0,0,0,99.09909909909909,8,0,40.0,100.0,100.0,10,10,100.0,8.5,17,0,nan,none,0,nan,nan,0
73,110,1,14.933333333333334,11.333333333333334,10,10,10,0,2.533333333333333,7.6,32,13.2,0,0,0,0,0,100.0,0,0,40.0,100.0,100.0,10,10,100.0,8.5,13,1,85,trunk,0,nan,nan,0
74,110,1,14.933333333333334,11.333333333333334,10,10,10,0,4.2,8.8,32,13.2,0,0,0,0,0,100.0,0,0,40.0,100.0,100.0,10,10,100.0,10.8,19,0,nan,none,0,nan,nan,0
75,110,1,14.933333333333334,11.333333333333334,10,10,10,0,4.053333333333333,9.6,32,13.2,0,0,0,0,0,100.0,0,0,40.0,100.0,100.0,10,10,100.0,9.9,17,0,nan,none,0,nan,nan,0
76,135,1,18.266666666666666,15.066666666666666,10,10,10,0,3.8933333333333335,7.466666666666667,36,15.333333333333334,0,0,0,0,0,99.09909909909909,8,0,40.0,100.0,100.0,10,10,100.0,8.7,15,0,nan,none,0,nan,nan,0
77,109,1,14.8,11.466666666666667,10,10,10,0,3.3600000000000003,7.733333333333333,33,13.466666666666667,0,0,0,0,0,100.0,0,0,40.0,100.0,100.0,10,10,100.0,9.9,18,0,nan,none,0,nan,nan,0
78,140,1,18.933333333333334,15.733333333333333,10,10,10,0,4.826666666666666,10.266666666666667,37,16.0,0,0,0,0,0,92.24137931034483,72,0,40.0,100.0,100.0,10,10,100.0,9.9,17,1,74,trunk,1,9,88.88888888888889,0
79,135,1,18.266666666666666,15.066666666666666,10,10,10,0,3.4666666666666663,6.133333333333334,36,15.333333333333334,0,0,0,0,0,99.09909909909909,8,0,40.0,100.0,100.0,10,10,100.0,9.4,18,0,nan,none,0,nan,nan,0
80,126,1,17.066666666666666,13.866666666666667,10,10,10,0,3.1066666666666665,7.066666666666666,36,14.133333333333333,0,0,0,0,0,99.01960784313727,8,0,40.0,100.0,100.0,10,10,100.0,10.8,22,0,nan,none,0,nan,nan,0
81,135,1,18.266666666666666,15.066666666666666,10,10,10,0,3.506666666666667,6.8,36,15.333333333333334,0,0,0,0,0,99.09909909909909,8,0,40.0,100.0,100.0,10,10,100.0,9.9,18,0,nan,none,0,nan,nan,0
82,132,1,17.866666666666667,14.666666666666666,10,10,10,0,3.8,6.4,36,14.933333333333334,0,0,0,0,0,99.07407407407408,8,0,40.0,100.0,100.0,10,10,100.0,9.6,15,0,nan,none,0,nan,nan,0
83,145,1,19.6,16.4,10,10,10,0,4.586666666666667,9.733333333333333,38,18.8,0,0,0,0,0,84.29752066115702,152,0,40.0,100.0,100.0,10,10,100.0,9.8,23,1,66,line,1,21,95.23809523809523,0
84,120,1,16.266666666666666,11.6,10,10,10,0,4.8133333333333335,10.133333333333333,30,14.8,0,0,0,0,0,87.05882352941177,88,0,40.0,100.0,100.0,10,10,100.0,11.9,20,1,47,line,1,12,83.33333333333334,0
85,114,1,15.466666666666667,12.266666666666667,10,10,10,0,2.4,6.533333333333333,36,13.333333333333334,0,0,0,0,0,100.0,0,0,40.0,100.0,100.0,10,10,100.0,9.1,16,0,nan,none,0,nan,nan,0
86,131,1,17.733333333333334,14.533333333333333,10,10,10,0,3.506666666666667,8.8,36,14.8,0,0,0,0,0,99.06542056074767,8,0,40.0,100.0,100.0,10,10,100.0,9.5,12,0,nan,none,0,nan,nan,0
87,132,1,17.866666666666667,14.666666666666666,10,10,10,0,4.346666666666667,8.4,36,14.933333333333334,0,0,0,0,0,99.07407407407408,8,0,40.0,100.0,100.0,10,10,100.0,9.7,19,0,nan,none,0,nan,nan,0
88,149,1,20.133333333333333,16.933333333333334,10,10,10,0,5.04,11.2,40,17.2,0,0,0,0,0,86.4,136,0,40.0,100.0,100.0,10,10,100.0,9.7,17,1,69,trunk,1,17,94.11764705882352,0
89,114,1,15.466666666666667,12.266666666666667,10,10,10,0,3.4933333333333336,7.066666666666666,36,13.333333333333334,0,0,0,0,0,100.0,0,0,40.0,100.0,100.0,10,10,100.0,8.0,15,0,nan,none,0,nan,nan,0
90,120,1,16.266666666666666,12.933333333333334,10,10,10,0,4.333333333333334,8.266666666666667,36,13.733333333333333,0,0,0,0,0,98.94736842105263,8,0,40.0,100.0,100.0,10,10,100.0,11.1,19,0,nan,none,0,nan,nan,0
91,98,1,13.333333333333334,9.2,10,10,10,0,2.506666666666667,5.2,24,12.4,0,0,0,0,0,100.0,0,0,40.0,100.0,100.0,10,10,100.0,9.8,16,0,nan,none,0,nan,nan,0
92,135,1,18.266666666666666,15.066666666666666,10,10,10,0,4.373333333333333,8.133333333333333,36,15.333333333333334,0,0,0,0,0,99.09909909909909,8,0,40.0,100.0,100.0,10,10,100.0,10.2,18,0,nan,none,0,nan,nan,0
93,113,1,15.333333333333334,11.866666666666667,10,10,10,0,3.1866666666666665,7.733333333333333,35,13.333333333333334,0,0,0,0,0,100.0,0,0,40.0,100.0,100.0,10,10,100.0,9.0,13,0,nan,none,0,nan,nan,0
94,131,1,17.733333333333334,14.533333333333333,10,10,10,0,2.533333333333333,7.333333333333333,36,14.8,0,0,0,0,0,99.06542056074767,8,0,40.0,100.0,100.0,10,10,100.0,8.3,16,0,nan,none,0,nan,nan,0
95,113,1,15.333333333333334,12.133333333333333,10,10,10,0,4.0,7.2,36,13.333333333333334,0,0,0,0,0,100.0,0,0,40.0,100.0,100.0,10,10,100.0,10.7,19,1,90,trunk,0,nan,nan,0
96,126,1,17.066666666666666,13.866666666666667,10,10,10,0,4.0,7.866666666666666,36,14.133333333333333,0,0,0,0,0,99.01960784313727,8,0,40.0,100.0,100.0,10,10,100.0,10.3,17,0,nan,none,0,nan,nan,0
97,124,1,16.8,13.6,10,10,10,0,3.2266666666666666,7.066666666666666,36,13.866666666666667,0,0,0,0,0,99.0,8,0,40.0,100.0,100.0,10,10,100.0,10.3,15,0,nan,none,0,nan,nan,0
98,130,1,17.6,14.4,10,10,10,0,5.613333333333333,8.666666666666666,36,14.666666666666666,0,0,0,0,0,99.05660377358491,8,0,40.0,100.0,100.0,10,10,100.0,11.3,16,0,nan,none,0,nan,nan,0
99,135,1,18.266666666666666,15.066666666666666,10,10,10,0,4.173333333333334,10.133333333333333,36,15.333333333333334,0,0,0,0,0,99.09909909909909,8,0,40.0,100.0,100.0,10,10,100.0,11.1,17,0,nan,none,0,nan,nan,0
100,325,1,59.6,42.8,10,3,3,0,14.355555555555556,33.46666666666667,33,43.2,3,2,0,5,0,16.30094043887147,2136,3,40.0,31.25,31.25,3,3,100.0,5.666666666666667,8,1,35,sentinel,1,140,2.142857142857143,0
101,132,1,17.866666666666667,14.666666666666666,10,10,10,0,3.8933333333333335,8.8,36,14.933333333333334,0,0,0,0,0,99.07407407407408,8,0,40.0,100.0,100.0,10,10,100.0,8.8,18,0,nan,none,0,nan,nan,0
102,113,1,15.333333333333334,11.733333333333333,10,10,10,0,3.1466666666666665,9.466666666666667,34,13.333333333333334,0,0,0,0,0,100.0,0,0,40.0,100.0,100.0,10,10,100.0,9.8,15,0,nan,none,0,nan,nan,0
103,135,1,18.266666666666666,15.066666666666666,10,10,10,0,3.56,9.2,36,15.333333333333334,0,0,0,0,0,99.09909909909909,8,0,40.0,100.0,100.0,10,10,100.0,11.6,24,0,nan,none,0,nan,nan,0
104,325,1,43.6,39.733333333333334,10,7,7,0,2.476190476190476,6.8,78,37.46666666666667,2,0,0,2,0,97.2972972972973,64,19,40.0,70.0,70.0,7,7,100.0,9.142857142857142,18,1,63,trunk,0,nan,nan,0
105,120,1,16.266666666666666,13.066666666666666,10,10,10,0,3.306666666666667,6.133333333333334,36,13.466666666666667,0,0,0,0,0,98.95833333333334,8,0,40.0,100.0,100.0,10,10,100.0,9.9,17,0,nan,none,0,nan,nan,0
106,143,1,19.333333333333332,16.133333333333333,10,10,10,0,3.9066666666666663,7.6,37,17.2,0,0,0,0,0,87.39495798319328,120,0,40.0,100.0,100.0,10,10,100.0,9.8,16,1,57,line,1,16,93.75,0
107,131,1,17.733333333333334,14.533333333333333,10,10,10,0,4.013333333333334,8.666666666666666,36,14.8,0,0,0,0,0,99.06542056074767,8,0,40.0,100.0,100.0,10,10,100.0,10.8,16,0,nan,none,0,nan,nan,0
108,131,1,17.733333333333334,14.533333333333333,10,10,10,0,4.253333333333333,9.466666666666667,36,14.8,0,0,0,0,0,99.06542056074767,8,0,40.0,100.0,100.0,10,10,100.0,9.7,16,0,nan,none,0,nan,nan,0
109,110,1,14.933333333333334,10.933333333333334,10,10,10,0,2.52,6.133333333333334,30,13.333333333333334,0,0,0,0,0,100.0,0,0,40.0,100.0,100.0,10,10,100.0,11.1,24,0,nan,none,0,nan,nan,0
110,130,1,17.6,14.4,10,10,10,0,3.546666666666667,9.066666666666666,36,14.666666666666666,0,0,0,0,0,99.05660377358491,8,0,40.0,100.0,100.0,10,10,100.0,9.8,14,0,nan,none,0,nan,nan,0
111,120,1,16.266666666666666,13.066666666666666,10,10,10,0,3.413333333333333,6.533333333333333,36,13.466666666666667,0,0,0,0,0,98.95833333333334,8,0,40.0,100.0,100.0,10,10,100.0,11.8,20,0,nan,none,0,nan,nan,0
112,117,1,15.866666666666667,11.466666666666667,10,10,10,0,4.0,10.8,29,14.666666666666666,0,0,0,0,0,82.14285714285714,120,0,40.0,100.0,100.0,10,10,100.0,10.5,17,1,41,line,1,14,50.0,0
113,116,1,15.733333333333333,12.133333333333333,10,10,10,0,2.6,8.666666666666666,36,13.333333333333334,0,0,0,0,0,100.0,0,0,40.0,100.0,100.0,10,10,100.0,11.4,18,0,nan,none,0,nan,nan,0
114,110,1,14.933333333333334,10.8,10,10,10,0,1.9066666666666667,4.533333333333333,30,13.2,0,0,0,0,0,100.0,0,0,40.0,100.0,100.0,10,10,100.0,10.1,19,0,nan,none,0,nan,nan,0
115,109,1,14.8,10.133333333333333,10,10,10,0,4.12,8.8,26,13.333333333333334,0,0,0,0,0,100.0,0,0,40.0,100.0,100.0,10,10,100.0,11.8,18,0,nan,none,0,nan,nan,0
116,114,1,15.466666666666667,12.266666666666667,10,10,10,0,2.96,6.8,36,13.333333333333334,0,0,0,0,0,100.0,0,0,40.0,100.0,100.0,10,10,100.0,8.5,14,0,nan,none,0,nan,nan,0
117,135,1,18.266666666666666,15.066666666666666,10,10,10,0,5.013333333333334,9.066666666666666,37,15.333333333333334,0,0,0,0,0,93.69369369369369,56,0,40.0,100.0,100.0,10,10,100.0,11.4,17,1,79,trunk,1,7,85.71428571428571,0
118,131,1,17.733333333333334,14.533333333333333,10,10,10,0,3.1066666666666665,8.8,36,14.8,0,0,0,0,0,99.06542056074767,8,0,40.0,100.0,100.0,10,10,100.0,11.4,21,0,nan,none,0,nan,nan,0
119,131,1,17.733333333333334,14.533333333333333,10,10,10,0,4.319999999999999,9.2,36,14.8,0,0,0,0,0,99.06542056074767,8,0,40.0,100.0,100.0,10,10,100.0,9.3,14,0,nan,none,0,nan,nan,0
120,131,1,17.733333333333334,14.533333333333333,10,10,10,0,3.2,8.0,36,14.8,0,0,0,0,0,99.06542056074767,8,0,40.0,100.0,100.0,10,10,100.0,9.4,20,0,nan,none,0,nan,nan,0
121,117,1,15.866666666666667,12.4,10,10,10,0,2.7333333333333334,7.6,36,13.866666666666667,0,0,0,0,0,100.0,0,0,40.0,100.0,100.0,10,10,100.0,9.5,14,0,nan,none,0,nan,nan,0
122,120,1,16.266666666666666,13.066666666666666,10,10,10,0,1.4666666666666666,5.066666666666666,36,13.466666666666667,0,0,0,0,0,98.95833333333334,8,0,40.0,100.0,100.0,10,10,100.0,7.4,16,0,nan,none,0,nan,nan,0
123,131,1,17.733333333333334,14.533333333333333,10,10,10,0,3.6,8.266666666666667,36,14.8,0,0,0,0,0,99.06542056074767,8,0,40.0,100.0,100.0,10,10,100.0,10.2,16,0,nan,none,0,nan,nan,0
124,143,1,19.333333333333332,16.133333333333333,10,10,10,0,6.640000000000001,10.0,37,17.2,0,0,0,0,0,86.5546218487395,128,0,40.0,100.0,100.0,10,10,100.0,11.0,17,1,58,line,1,17,94.11764705882352,0
125,325,1,59.6,42.8,10,0,0,0,nan,nan,33,42.8,3,2,0,5,0,18.808777429467085,2072,3,40.0,0.0,0.0,0,0,nan,nan,nan,1,35,line,1,142,2.8169014084507045,0
126,113,1,15.333333333333334,11.866666666666667,10,10,10,0,2.12,7.2,35,13.333333333333334,0,0,0,0,0,100.0,0,0,40.0,100.0,100.0,10,10,100.0,9.1,18,0,nan,none,0,nan,nan,0
127,129,1,17.466666666666665,14.266666666666667,10,10,10,0,3.5200000000000005,8.4,36,14.533333333333333,0,0,0,0,0,99.04761904761905,8,0,40.0,100.0,100.0,10,10,100.0,10.1,18,0,nan,none,0,nan,nan,0
128,125,1,16.933333333333334,13.733333333333333,10,10,10,0,2.2800000000000002,6.4,36,14.0,0,0,0,0,0,99.00990099009901,8,0,40.0,100.0,100.0,10,10,100.0,7.5,14,0,nan,none,0,nan,nan,0
129,137,1,18.533333333333335,15.333333333333334,10,10,10,0,4.4399999999999995,8.933333333333334,37,15.6,0,0,0,0,0,95.57522123893806,40,0,40.0,100.0,100.0,10,10,100.0,9.8,16,1,88,trunk,1,7,85.71428571428571,0
130,137,1,18.533333333333335,15.333333333333334,10,10,10,0,4.4,9.866666666666667,37,15.6,0,0,0,0,0,91.1504424778761,80,0,40.0,100.0,100.0,10,10,100.0,11.6,16,1,66,trunk,1,9,88.88888888888889,0
131,128,1,17.333333333333332,14.133333333333333,10,10,10,0,3.586666666666667,8.0,36,14.4,0,0,0,0,0,99.03846153846155,8,0,40.0,100.0,100.0,10,10,100.0,8.1,13,0,nan,none,0,nan,nan,0
132,127,1,17.2,13.6,10,10,10,0,1.8800000000000001,4.133333333333334,37,14.266666666666667,0,0,0,0,0,91.0,72,0,40.0,100.0,100.0,10,10,100.0,8.8,17,1,74,trunk,1,9,88.88888888888889,0
133,126,1,17.066666666666666,13.866666666666667,10,10,10,0,3.546666666666667,7.2,36,14.133333333333333,0,0,0,0,0,99.01960784313727,8,0,40.0,100.0,100.0,10,10,100.0,9.5,15,0,nan,none,0,nan,nan,0
134,114,1,15.466666666666667,12.0,10,10,10,0,2.6133333333333333,8.8,36,13.2,0,0,0,0,0,100.0,0,0,40.0,100.0,100.0,10,10,100.0,8.6,14,0,nan,none,0,nan,nan,0
135,110,1,14.933333333333334,10.4,10,10,10,0,2.6266666666666665,6.666666666666667,28,13.333333333333334,0,0,0,0,0,100.0,0,0,40.0,100.0,100.0,10,10,100.0,8.8,19,0,nan,none,0,nan,nan,0
136,116,1,15.733333333333333,12.133333333333333,10,10,10,0,2.44,5.333333333333333,36,13.333333333333334,0,0,0,0,0,100.0,0,0,40.0,100.0,100.0,10,10,100.0,10.1,19,0,nan,none,0,nan,nan,0
137,114,1,15.466666666666667,12.266666666666667,10,10,10,0,2.6933333333333334,5.466666666666667,36,13.333333333333334,0,0,0,0,0,100.0,0,0,40.0,100.0,100.0,10,10,100.0,9.7,17,0,nan,none,0,nan,nan,0
138,128,1,17.333333333333332,14.133333333333333,10,10,10,0,3.1866666666666665,5.866666666666666,37,14.4,0,0,0,0,0,95.1923076923077,40,0,40.0,100.0,100.0,10,10,100.0,7.3,15,1,89,trunk,1,5,80.0,0
139,108,1,14.666666666666666,11.2,10,10,10,0,2.88,8.4,32,13.333333333333334,0,0,0,0,0,100.0,0,0,40.0,100.0,100.0,10,10,100.0,10.9,19,0,nan,none,0,nan,nan,0
140,114,1,15.466666666666667,12.266666666666667,10,10,10,0,3.12,6.533333333333333,36,13.333333333333334,0,0,0,0,0,100.0,0,0,40.0,100.0,100.0,10,10,100.0,9.7,17,0,nan,none,0,nan,nan,0
141,129,1,17.466666666666665,14.266666666666667,10,10,10,0,3.3333333333333335,8.4,36,14.533333333333333,0,0,0,0,0,99.04761904761905,8,0,40.0,100.0,100.0,10,10,100.0,9.8,15,0,nan,none,0,nan,nan,0
142,135,1,18.266666666666666,15.066666666666666,10,10,10,0,3.44,8.4,37,15.333333333333334,0,0,0,0,0,86.48648648648648,120,0,40.0,100.0,100.0,10,10,100.0,11.8,18,1,100,trunk,0,nan,nan,0
143,131,1,17.733333333333334,14.533333333333333,10,10,10,0,3.4,8.4,36,14.8,0,0,0,0,0,99.06542056074767,8,0,40.0,100.0,100.0,10,10,100.0,10.6,18,0,nan,none,0,nan,nan,0
144,101,1,13.733333333333333,9.6,10,10,10,0,2.933333333333333,5.866666666666666,24,12.4,0,0,0,0,0,100.0,0,0,40.0,100.0,100.0,10,10,100.0,9.1,18,0,nan,none,0,nan,nan,0
145,124,1,16.8,13.6,10,10,10,0,4.013333333333334,6.266666666666667,36,13.866666666666667,0,0,0,0,0,99.0,8,0,40.0,100.0,100.0,10,10,100.0,8.3,13,0,nan,none,0,nan,nan,0
146,132,1,17.866666666666667,14.666666666666666,10,10,10,0,4.68,8.533333333333333,36,14.933333333333334,0,0,0,0,0,99.07407407407408,8,0,40.0,100.0,100.0,10,10,100.0,10.1,17,0,nan,none,0,nan,nan,0
147,116,1,15.733333333333333,12.133333333333333,10,10,10,0,3.16,8.933333333333334,36,13.333333333333334,0,0,0,0,0,100.0,0,0,40.0,100.0,100.0,10,10,100.0,10.3,15,0,nan,none,0,nan,nan,0
148,131,1,17.733333333333334,14.533333333333333,10,10,10,0,3.28,8.533333333333333,36,14.8,0,0,0,0,0,99.06542056074767,8,0,40.0,100.0,100.0,10,10,100.0,12.4,25,0,nan,none,0,nan,nan,0
149,103,1,14.0,9.733333333333333,10,10,10,0,3.6133333333333333,8.4,24,12.666666666666666,0,0,0,0,0,100.0,0,0,40.0,100.0,100.0,10,10,100.0,11.7,19,0,nan,none,0,nan,nan,0
150,135,1,18.266666666666666,15.066666666666666,10,10,10,0,4.306666666666667,9.466666666666667,36,15.333333333333334,0,0,0,0,0,99.09909909909909,8,0,40.0,100.0,100.0,10,10,100.0,9.2,17,0,nan,none,0,nan,nan,0
151,127,1,17.2,13.866666666666667,10,10,10,0,4.093333333333334,6.666666666666667,37,14.133333333333333,0,0,0,0,0,99.01960784313727,8,0,40.0,100.0,100.0,10,10,100.0,10.7,16,1,89,trunk,1,13,76.92307692307693,0
152,323,1,53.733333333333334,41.06666666666667,10,3,3,0,1.4222222222222223,2.1333333333333333,44,38.0,4,2,0,6,0,73.84105960264901,632,8,40.0,29.411764705882355,29.411764705882355,3,3,100.0,6.333333333333333,7,1,41,trunk,0,nan,nan,0
153,131,1,17.733333333333334,14.533333333333333,10,10,10,0,4.36,9.2,36,14.8,0,0,0,0,0,99.06542056074767,8,0,40.0,100.0,100.0,10,10,100.0,11.1,20,0,nan,none,0,nan,nan,0
154,142,1,19.2,16.0,10,10,10,0,4.773333333333333,7.866666666666666,37,18.266666666666666,0,0,0,0,0,92.37288135593221,72,0,40.0,100.0,100.0,10,10,100.0,10.5,16,1,42,line,1,9,88.88888888888889,0
155,325,1,59.6,42.8,10,1,1,0,0.0,0.0,33,42.8,3,2,0,5,0,19.122257053291534,2064,3,40.0,7.142857142857142,7.142857142857142,1,1,100.0,4.0,4,1,36,line,1,141,2.8368794326241136,0
156,117,1,15.866666666666667,12.4,10,10,10,0,3.2133333333333334,6.8,36,13.866666666666667,0,0,0,0,0,100.0,0,0,40.0,100.0,100.0,10,10,100.0,9.4,16,0,nan,none,0,nan,nan,0
157,135,1,18.266666666666666,15.066666666666666,10,10,10,0,4.653333333333333,10.4,36,15.333333333333334,0,0,0,0,0,99.09909909909909,8,0,40.0,100.0,100.0,10,10,100.0,11.0,18,0,nan,none,0,nan,nan,0
158,125,1,16.933333333333334,13.733333333333333,10,10,10,0,3.08,8.4,36,14.0,0,0,0,0,0,99.00990099009901,8,0,40.0,100.0,100.0,10,10,100.0,8.2,16,0,nan,none,0,nan,nan,0
159,114,1,15.466666666666667,12.266666666666667,10,10,10,0,2.8133333333333335,4.8,36,13.333333333333334,0,0,0,0,0,100.0,0,0,40.0,100.0,100.0,10,10,100.0,11.3,18,0,nan,none,0,nan,nan,0
160,132,1,17.866666666666667,14.666666666666666,10,10,10,0,4.64,10.0,36,14.933333333333334,0,0,0,0,0,99.07407407407408,8,0,40.0,100.0,100.0,10,10,100.0,11.9,20,0,nan,none,0,nan,nan,0
161,114,1,15.466666666666667,12.266666666666667,10,10,10,0,2.453333333333333,7.6,36,13.333333333333334,0,0,0,0,0,100.0,0,0,40.0,100.0,100.0,10,10,100.0,9.5,14,0,nan,none,0,nan,nan,0
162,131,1,17.733333333333334,14.533333333333333,10,10,10,0,2.56,8.933333333333334,36,14.8,0,0,0,0,0,99.06542056074767,8,0,40.0,100.0,100.0,10,10,100.0,10.6,14,0,nan,none,0,nan,nan,0
163,135,1,18.266666666666666,15.066666666666666,10,10,10,0,5.693333333333333,10.533333333333333,36,15.333333333333334,0,0,0,0,0,99.09909909909909,8,0,40.0,100.0,100.0,10,10,100.0,10.5,16,0,nan,none,0,nan,nan,0
164,110,1,14.933333333333334,11.6,10,10,10,0,4.1866666666666665,9.2,34,13.2,0,0,0,0,0,100.0,0,0,40.0,100.0,100.0,10,10,100.0,10.9,16,0,nan,none,0,nan,nan,0
165,145,1,19.6,16.4,10,10,10,0,5.64,10.933333333333334,38,16.8,0,0,0,0,0,99.17355371900827,8,0,40.0,100.0,100.0,10,10,100.0,11.3,18,1,65,line,1,20,95.0,0
166,129,1,17.466666666666665,14.266666666666667,10,10,10,0,4.973333333333334,8.4,36,14.533333333333333,0,0,0,0,0,99.04761904761905,8,0,40.0,100.0,100.0,10,10,100.0,10.6,16,0,nan,none,0,nan,nan,0
167,116,1,15.733333333333333,12.133333333333333,10,10,10,0,3.2800000000000002,7.466666666666667,36,13.333333333333334,0,0,0,0,0,100.0,0,0,40.0,100.0,100.0,10,10,100.0,10.0,15,0,nan,none,0,nan,nan,0
168,103,1,14.0,9.733333333333333,10,10,10,0,3.4,6.8,24,12.666666666666666,0,0,0,0,0,100.0,0,0,40.0,100.0,100.0,10,10,100.0,11.1,18,0,nan,none,0,nan,nan,0
169,109,1,14.8,11.066666666666666,10,10,10,0,1.8666666666666667,4.666666666666667,32,13.333333333333334,0,0,0,0,0,100.0,0,0,40.0,100.0,100.0,10,10,100.0,7.5,15,1,43,trunk,1,5,80.0,0
170,125,1,16.933333333333334,13.333333333333334,10,10,10,0,4.306666666666667,7.733333333333333,37,14.266666666666667,0,0,0,0,0,94.89795918367348,40,0,40.0,100.0,100.0,10,10,100.0,10.5,19,1,59,trunk,1,7,85.71428571428571,0
171,124,1,16.8,13.6,10,10,10,0,4.413333333333333,8.8,36,13.866666666666667,0,0,0,0,0,99.0,8,0,40.0,100.0,100.0,10,10,100.0,13.3,16,0,nan,none,0,nan,nan,0
172,128,1,17.333333333333332,14.133333333333333,10,10,10,0,4.293333333333334,8.8,36,14.4,0,0,0,0,0,99.03846153846155,8,0,40.0,100.0,100.0,10,10,100.0,10.2,16,0,nan,none,0,nan,nan,0
173,135,1,18.266666666666666,15.066666666666666,10,10,10,0,4.106666666666667,9.333333333333334,36,15.333333333333334,0,0,0,0,0,99.09909909909909,8,0,40.0,100.0,100.0,10,10,100.0,12.1,17,0,nan,none,0,nan,nan,0
174,143,1,19.333333333333332,16.133333333333333,10,10,10,0,6.213333333333333,9.2,37,17.733333333333334,0,0,0,0,0,84.87394957983193,144,0,40.0,100.0,100.0,10,10,100.0,10.6,15,1,61,line,1,18,94.44444444444444,0
175,141,1,19.066666666666666,15.866666666666667,10,10,10,0,3.7733333333333334,9.466666666666667,37,16.533333333333335,0,0,0,0,0,99.14529914529915,8,0,40.0,100.0,100.0,10,10,100.0,10.9,17,1,40,line,1,13,92.3076923076923,0
176,144,1,19.466666666666665,16.266666666666666,10,10,10,0,6.76,10.933333333333334,37,16.933333333333334,0,0,0,0,0,94.16666666666667,56,0,40.0,100.0,100.0,10,10,100.0,12.3,17,1,46,line,1,13,92.3076923076923,0
177,109,1,14.8,11.066666666666666,10,10,10,0,3.306666666666666,7.066666666666666,31,13.333333333333334,0,0,0,0,0,100.0,0,0,40.0,100.0,100.0,10,10,100.0,12.1,16,0,nan,none,0,nan,nan,0
178,135,1,18.266666666666666,15.066666666666666,10,10,10,0,3.56,9.2,36,15.333333333333334,0,0,0,0,0,99.09909909909909,8,0,40.0,100.0,100.0,10,10,100.0,8.7,14,0,nan,none,0,nan,nan,0
179,141,1,19.066666666666666,15.866666666666667,10,10,10,0,4.04,10.266666666666667,36,17.733333333333334,0,0,0,0,0,88.88888888888889,104,0,40.0,100.0,100.0,10,10,100.0,8.6,14,1,50,line,1,13,92.3076923076923,0
180,117,1,15.866666666666667,12.4,10,10,10,0,3.5200000000000005,8.133333333333333,36,13.866666666666667,0,0,0,0,0,100.0,0,0,40.0,100.0,100.0,10,10,100.0,8.1,15,0,nan,none,0,nan,nan,0
181,101,1,13.733333333333333,9.6,10,10,10,0,2.9066666666666667,8.666666666666666,24,12.4,0,0,0,0,0,100.0,0,0,40.0,100.0,100.0,10,10,100.0,9.8,19,0,nan,none,0,nan,nan,0
182,131,1,17.733333333333334,14.533333333333333,10,10,10,0,2.6533333333333333,5.6,37,14.8,0,0,0,0,0,93.45794392523365,56,0,40.0,100.0,100.0,10,10,100.0,7.8,14,1,104,trunk,0,nan,nan,0
183,143,1,19.333333333333332,16.133333333333333,10,10,10,0,4.453333333333333,8.666666666666666,38,16.4,0,0,0,0,0,93.27731092436974,64,0,40.0,100.0,100.0,10,10,100.0,10.4,15,1,83,trunk,1,9,88.88888888888889,0
184,154,1,20.8,17.6,10,10,10,0,4.293333333333333,11.6,40,19.466666666666665,0,0,0,0,0,81.53846153846153,192,0,40.0,100.0,100.0,10,10,100.0,8.7,12,1,74,line,1,25,96.0,0
185,127,1,17.2,14.0,10,10,10,0,3.253333333333333,8.133333333333333,36,14.266666666666667,0,0,0,0,0,99.02912621359224,8,0,40.0,100.0,100.0,10,10,100.0,7.6,13,0,nan,none,0,nan,nan,0
186,131,1,17.733333333333334,14.533333333333333,10,10,10,0,2.8,7.333333333333333,37,14.8,0,0,0,0,0,86.91588785046729,112,0,40.0,100.0,100.0,10,10,100.0,10.1,15,1,96,trunk,0,nan,nan,0
187,117,1,15.866666666666667,12.4,10,10,10,0,2.6133333333333333,5.066666666666666,36,13.866666666666667,0,0,0,0,0,100.0,0,0,40.0,100.0,100.0,10,10,100.0,9.3,16,0,nan,none,0,nan,nan,0
188,130,1,17.6,14.4,10,10,10,0,3.5733333333333333,7.066666666666666,36,14.666666666666666,0,0,0,0,0,99.05660377358491,8,0,40.0,100.0,100.0,10,10,100.0,9.4,17,0,nan,none,0,nan,nan,0
189,147,1,19.866666666666667,16.666666666666668,10,10,10,0,5.053333333333333,9.333333333333334,39,16.933333333333334,0,0,0,0,0,86.99186991869918,128,0,40.0,100.0,100.0,10,10,100.0,11.9,17,1,80,trunk,1,21,95.23809523809523,0
190,324,1,43.46666666666667,40.4,10,5,5,0,3.146666666666667,6.8,71,37.46666666666667,2,0,0,2,0,99.33554817275747,16,19,40.0,52.63157894736842,52.63157894736842,5,5,100.0,9.6,14,1,51,trunk,0,nan,nan,0
191,135,1,18.266666666666666,15.066666666666666,10,10,10,0,3.6799999999999997,9.866666666666667,36,15.333333333333334,0,0,0,0,0,99.09909909909909,8,0,40.0,100.0,100.0,10,10,100.0,9.4,17,0,nan,none,0,nan,nan,0
192,114,1,15.466666666666667,12.266666666666667,10,10,10,0,2.68,4.666666666666667,36,13.333333333333334,0,0,0,0,0,100.0,0,0,40.0,100.0,100.0,10,10,100.0,9.0,16,0,nan,none,0,nan,nan,0
193,135,1,18.266666666666666,15.066666666666666,10,10,10,0,3.693333333333334,8.133333333333333,36,15.333333333333334,0,0,0,0,0,99.09909909909909,8,0,40.0,100.0,100.0,10,10,100.0,9.5,13,0,nan,none,0,nan,nan,0
194,109,1,14.8,10.133333333333333,10,10,10,0,1.9866666666666668,4.666666666666667,26,13.333333333333334,0,0,0,0,0,100.0,0,0,40.0,100.0,100.0,10,10,100.0,9.6,16,0,nan,none,0,nan,nan,0
195,103,1,14.0,9.733333333333333,10,10,10,0,4.613333333333333,9.066666666666666,24,12.666666666666666,0,0,0,0,0,100.0,0,0,40.0,100.0,100.0,10,10,100.0,11.0,18,0,nan,none,0,nan,nan,0
196,130,1,17.6,14.4,10,10,10,0,4.24,6.8,37,14.666666666666666,0,0,0,0,0,82.0754716981132,152,0,40.0,100.0,100.0,10,10,100.0,9.8,15,1,90,trunk,0,nan,nan,0
197,131,1,17.733333333333334,14.533333333333333,10,10,10,0,3.12,7.6,36,14.8,0,0,0,0,0,99.06542056074767,8,0,40.0,100.0,100.0,10,10,100.0,9.3,17,0,nan,none,0,nan,nan,0
198,135,1,18.266666666666666,15.066666666666666,10,10,10,0,3.6399999999999997,8.8,37,15.333333333333334,0,0,0,0,0,96.3963963963964,32,0,40.0,100.0,100.0,10,10,100.0,9.0,17,1,57,trunk,1,9,88.88888888888889,0
199,108,1,14.666666666666666,11.2,10,10,10,0,3.333333333333333,8.666666666666666,32,13.333333333333334,0,0,0,0,0,100.0,0,0,40.0,100.0,100.0,10,10,100.0,9.2,15,0,nan,none,0,nan,nan,0
200,135,1,18.266666666666666,15.066666666666666,10,10,10,0,2.586666666666667,9.6,36,15.333333333333334,0,0,0,0,0,99.09909909909909,8,0,40.0,100.0,100.0,10,10,100.0,9.0,17,0,nan,none,0,nan,nan,0
201,131,1,17.733333333333334,14.533333333333333,10,10,10,0,2.9466666666666668,8.0,36,14.8,0,0,0,0,0,99.06542056074767,8,0,40.0,100.0,100.0,10,10,100.0,8.4,15,0,nan,none,0,nan,nan,0
202,116,1,15.733333333333333,12.133333333333333,10,10,10,0,3.4666666666666672,7.333333333333333,36,13.333333333333334,0,0,0,0,0,100.0,0,0,40.0,100.0,100.0,10,10,100.0,10.5,17,0,nan,none,0,nan,nan,0
203,135,1,18.266666666666666,15.066666666666666,10,10,10,0,3.5733333333333333,7.066666666666666,36,15.333333333333334,0,0,0,0,0,99.09909909909909,8,0,40.0,100.0,100.0,10,10,100.0,10.0,16,0,nan,none,0,nan,nan,0
204,174,1,23.466666666666665,20.266666666666666,10,10,10,0,7.92,12.533333333333333,46,20.666666666666668,1,0,0,1,0,81.33333333333333,224,5,40.0,100.0,100.0,10,10,100.0,9.6,15,1,56,line,1,26,53.84615384615385,0
205,109,1,14.8,10.133333333333333,10,10,10,0,3.7733333333333334,9.466666666666667,26,13.333333333333334,0,0,0,0,0,100.0,0,0,40.0,100.0,100.0,10,10,100.0,11.4,19,0,nan,none,0,nan,nan,0
206,132,1,17.866666666666667,14.666666666666666,10,10,10,0,4.279999999999999,7.6,37,14.933333333333334,0,0,0,0,0,99.07407407407408,8,0,40.0,100.0,100.0,10,10,100.0,9.7,16,1,48,trunk,1,13,46.15384615384615,0
207,109,1,14.8,10.133333333333333,10,10,10,0,5.24,10.133333333333333,26,13.333333333333334,0,0,0,0,0,100.0,0,0,40.0,100.0,100.0,10,10,100.0,12.1,17,0,nan,none,0,nan,nan,0
208,151,1,20.4,17.2,10,10,10,0,4.106666666666667,8.8,39,19.866666666666667,0,0,0,0,0,86.61417322834646,136,0,40.0,100.0,100.0,10,10,100.0,10.5,16,1,64,line,1,19,94.73684210526315,0
209,124,1,16.8,13.6,10,10,10,0,2.413333333333333,5.466666666666667,36,13.866666666666667,0,0,0,0,0,99.0,8,0,40.0,100.0,100.0,10,10,100.0,9.5,13,0,nan,none,0,nan,nan,0
210,131,1,17.733333333333334,14.533333333333333,10,10,10,0,3.7600000000000002,7.6,36,14.8,0,0,0,0,0,99.06542056074767,8,0,40.0,100.0,100.0,10,10,100.0,9.1,15,0,nan,none,0,nan,nan,0
211,137,1,18.533333333333335,15.333333333333334,10,10,10,0,2.413333333333333,6.266666666666667,37,15.6,0,0,0,0,0,89.38053097345133,96,0,40.0,100.0,100.0,10,10,100.0,8.0,16,1,96,line,1,14,71.42857142857143,0
212,132,1,17.866666666666667,14.666666666666666,10,10,10,0,4.986666666666666,8.666666666666666,37,14.933333333333334,0,0,0,0,0,96.29629629629629,32,0,40.0,100.0,100.0,10,10,100.0,9.6,16,1,108,trunk,0,nan,nan,0
213,113,1,15.333333333333334,11.733333333333333,10,10,10,0,3.6399999999999997,6.666666666666667,34,13.333333333333334,0,0,0,0,0,100.0,0,0,40.0,100.0,100.0,10,10,100.0,12.5,23,0,nan,none,0,nan,nan,0
214,153,1,20.666666666666668,17.466666666666665,10,10,10,0,3.56,8.8,40,19.066666666666666,0,0,0,0,0,85.27131782945736,152,0,40.0,100.0,100.0,10,10,100.0,10.7,15,1,50,line,1,18,66.66666666666666,0
215,114,1,15.466666666666667,12.0,10,10,10,0,3.6133333333333333,7.6,36,13.2,0,0,0,0,0,100.0,0,0,40.0,100.0,100.0,10,10,100.0,10.1,21,0,nan,none,0,nan,nan,0
216,101,1,13.733333333333333,9.6,10,10,10,0,2.9066666666666667,5.2,24,12.4,0,0,0,0,0,100.0,0,0,40.0,100.0,100.0,10,10,100.0,8.1,15,0,nan,none,0,nan,nan,0
217,126,1,17.066666666666666,13.866666666666667,10,10,10,0,2.8666666666666667,6.0,36,14.133333333333333,0,0,0,0,0,99.01960784313727,8,0,40.0,100.0,100.0,10,10,100.0,7.2,12,0,nan,none,0,nan,nan,0
218,153,1,20.666666666666668,17.466666666666665,10,10,10,0,4.906666666666667,11.333333333333334,40,17.733333333333334,0,0,0,0,0,84.49612403100775,160,0,40.0,100.0,100.0,10,10,100.0,8.9,16,1,74,trunk,1,23,95.65217391304348,0
219,117,1,15.866666666666667,12.4,10,10,10,0,2.7333333333333334,6.933333333333334,36,13.866666666666667,0,0,0,0,0,100.0,0,0,40.0,100.0,100.0,10,10,100.0,11.0,14,0,nan,none,0,nan,nan,0
220,132,1,17.866666666666667,14.666666666666666,10,10,10,0,4.8133333333333335,8.8,37,14.933333333333334,0,0,0,0,0,95.37037037037037,40,0,40.0,100.0,100.0,10,10,100.0,11.2,17,1,95,trunk,1,12,83.33333333333334,0
221,131,1,17.733333333333334,14.533333333333333,10,10,10,0,3.413333333333333,5.866666666666666,36,14.8,0,0,0,0,0,99.06542056074767,8,0,40.0,100.0,100.0,10,10,100.0,9.9,19,0,nan,none,0,nan,nan,0
222,103,1,14.0,9.733333333333333,10,10,10,0,3.6399999999999997,9.466666666666667,24,12.666666666666666,0,0,0,0,0,100.0,0,0,40.0,100.0,100.0,10,10,100.0,10.4,19,0,nan,none,0,nan,nan,0
223,135,1,18.266666666666666,15.066666666666666,10,10,10,0,3.413333333333333,7.066666666666666,36,15.333333333333334,0,0,0,0,0,99.09909909909909,8,0,40.0,100.0,100.0,10,10,100.0,8.2,15,0,nan,none,0,nan,nan,0
224,113,1,15.333333333333334,11.733333333333333,10,10,10,0,3.1866666666666665,6.4,34,13.333333333333334,0,0,0,0,0,100.0,0,0,40.0,100.0,100.0,10,10,100.0,9.9,16,0,nan,none,0,nan,nan,0
225,157,1,21.2,18.0,10,10,10,0,4.333333333333334,8.4,42,18.133333333333333,0,0,0,0,0,84.9624060150376,160,0,40.0,100.0,100.0,10,10,100.0,10.6,18,1,75,trunk,1,20,90.0,0
226,109,1,14.8,11.466666666666667,10,10,10,0,1.5733333333333333,4.533333333333333,33,13.466666666666667,0,0,0,0,0,100.0,0,0,40.0,100.0,100.0,10,10,100.0,9.8,15,0,nan,none,0,nan,nan,0
227,135,1,18.266666666666666,15.066666666666666,10,10,10,0,4.986666666666666,7.866666666666666,36,15.333333333333334,0,0,0,0,0,99.09909909909909,8,0,40.0,100.0,100.0,10,10,100.0,10.7,18,0,nan,none,0,nan,nan,0
228,108,1,14.666666666666666,11.2,10,10,10,0,3.4666666666666663,7.066666666666666,32,13.333333333333334,0,0,0,0,0,100.0,0,0,40.0,100.0,100.0,10,10,100.0,10.3,15,0,nan,none,0,nan,nan,0
229,120,1,16.266666666666666,13.066666666666666,10,10,10,0,4.013333333333334,6.533333333333333,36,13.466666666666667,0,0,0,0,0,98.95833333333334,8,0,40.0,100.0,100.0,10,10,100.0,10.6,16,0,nan,none,0,nan,nan,0
230,320,1,54.93333333333333,41.2,10,2,2,0,3.6,4.666666666666667,40,37.733333333333334,4,2,0,6,0,78.21782178217822,528,6,40.0,21.052631578947366,21.052631578947366,2,2,100.0,3.0,4,1,40,trunk,0,nan,nan,0
231,138,1,18.666666666666668,15.466666666666667,10,10,10,0,4.1866666666666665,9.866666666666667,36,17.733333333333334,0,0,0,0,0,91.22807017543859,80,0,40.0,100.0,100.0,10,10,100.0,11.0,16,1,44,line,1,10,80.0,0
232,135,1,18.266666666666666,15.066666666666666,10,10,10,0,5.12,7.466666666666667,36,15.333333333333334,0,0,0,0,0,99.09909909909909,8,0,40.0,100.0,100.0,10,10,100.0,9.0,13,0,nan,none,0,nan,nan,0
233,328,1,75.33333333333333,43.6,10,6,6,0,2.9111111111111114,5.733333333333333,27,63.46666666666667,4,2,0,6,0,68.20809248554913,440,10,40.0,50.0,50.0,6,6,100.0,9.833333333333334,18,1,49,trunk,0,nan,nan,0
234,131,1,17.733333333333334,14.533333333333333,10,10,10,0,5.133333333333334,8.666666666666666,36,14.8,0,0,0,0,0,99.06542056074767,8,0,40.0,100.0,100.0,10,10,100.0,10.4,17,0,nan,none,0,nan,nan,0
235,114,1,15.466666666666667,12.0,10,10,10,0,2.2266666666666666,5.466666666666667,36,13.2,0,0,0,0,0,100.0,0,0,40.0,100.0,100.0,10,10,100.0,10.6,17,0,nan,none,0,nan,nan,0
236,130,1,17.6,14.4,10,10,10,0,2.9066666666666667,8.666666666666666,36,14.666666666666666,0,0,0,0,0,99.05660377358491,8,0,40.0,100.0,100.0,10,10,100.0,11.6,19,0,nan,none,0,nan,nan,0
237,109,1,14.8,11.066666666666666,10,10,10,0,2.933333333333333,5.066666666666666,31,13.333333333333334,0,0,0,0,0,100.0,0,0,40.0,100.0,100.0,10,10,100.0,10.5,18,0,nan,none,0,nan,nan,0
238,114,1,15.466666666666667,12.266666666666667,10,10,10,0,2.2933333333333334,5.733333333333333,36,13.333333333333334,0,0,0,0,0,100.0,0,0,40.0,100.0,100.0,10,10,100.0,10.1,17,0,nan,none,0,nan,nan,0
239,141,1,19.066666666666666,15.866666666666667,10,10,10,0,4.2,6.8,38,16.133333333333333,0,0,0,0,0,94.01709401709401,56,0,40.0,100.0,100.0,10,10,100.0,11.8,20,1,75,trunk,1,8,75.0,0
240,135,1,18.266666666666666,15.066666666666666,10,10,10,0,2.2533333333333334,7.333333333333333,36,15.333333333333334,0,0,0,0,0,99.09909909909909,8,0,40.0,100.0,100.0,10,10,100.0,8.7,19,0,nan,none,0,nan,nan,0
241,109,1,14.8,10.133333333333333,10,10,10,0,3.893333333333333,7.6,26,13.333333333333334,0,0,0,0,0,100.0,0,0,40.0,100.0,100.0,10,10,100.0,12.3,17,0,nan,none,0,nan,nan,0
242,117,1,15.866666666666667,12.133333333333333,10,10,10,0,2.7333333333333334,6.4,35,14.533333333333333,0,0,0,0,0,87.64044943820225,88,0,40.0,100.0,100.0,10,10,100.0,11.9,20,1,39,line,1,7,85.71428571428571,0
243,117,1,15.866666666666667,12.4,10,10,10,0,2.64,6.0,36,13.866666666666667,0,0,0,0,0,100.0,0,0,40.0,100.0,100.0,10,10,100.0,10.7,15,0,nan,none,0,nan,nan,0
244,115,1,15.6,12.266666666666667,10,10,10,0,3.2,8.266666666666667,37,13.6,0,0,0,0,0,93.33333333333333,48,0,40.0,100.0,100.0,10,10,100.0,9.1,21,1,87,trunk,0,nan,nan,0
245,124,1,16.8,13.6,10,10,10,0,3.3333333333333335,9.066666666666666,36,13.866666666666667,0,0,0,0,0,99.0,8,0,40.0,100.0,100.0,10,10,100.0,8.7,18,0,nan,none,0,nan,nan,0
246,131,1,17.733333333333334,14.533333333333333,10,10,10,0,5.1866666666666665,9.066666666666666,36,14.8,0,0,0,0,0,99.06542056074767,8,0,40.0,100.0,100.0,10,10,100.0,10.5,16,0,nan,none,0,nan,nan,0
247,103,1,14.0,9.733333333333333,10,10,10,0,3.5733333333333333,6.133333333333334,24,12.666666666666666,0,0,0,0,0,100.0,0,0,40.0,100.0,100.0,10,10,100.0,11.0,20,0,nan,none,0,nan,nan,0
248,129,1,17.466666666666665,14.266666666666667,10,10,10,0,3.88,8.933333333333334,36,14.533333333333333,0,0,0,0,0,99.04761904761905,8,0,40.0,100.0,100.0,10,10,100.0,11.1,15,0,nan,none,0,nan,nan,0
249,120,1,16.266666666666666,12.933333333333334,10,10,10,0,4.013333333333334,8.533333333333333,36,13.733333333333333,0,0,0,0,0,98.94736842105263,8,0,40.0,100.0,100.0,10,10,100.0,10.5,17,0,nan,none,0,nan,nan,0
250,120,1,16.266666666666666,13.066666666666666,10,10,10,0,4.106666666666667,8.266666666666667,36,13.466666666666667,0,0,0,0,0,98.95833333333334,8,0,40.0,100.0,100.0,10,10,100.0,10.2,17,0,nan,none,0,nan,nan,0
251,132,1,17.866666666666667,14.666666666666666,10,10,10,0,4.026666666666666,9.6,36,14.933333333333334,0,0,0,0,0,99.07407407407408,8,0,40.0,100.0,100.0,10,10,100.0,9.4,14,0,nan,none,0,nan,nan,0
252,98,1,13.333333333333334,9.2,10,10,10,0,1.8133333333333332,3.6,24,12.4,0,0,0,0,0,100.0,0,0,40.0,100.0,100.0,10,10,100.0,8.5,19,0,nan,none,0,nan,nan,0
253,139,1,18.8,15.6,10,10,10,0,4.64,9.333333333333334,37,15.866666666666667,0,0,0,0,0,93.04347826086956,64,0,40.0,100.0,100.0,10,10,100.0,9.0,15,1,69,trunk,1,7,85.71428571428571,0
254,110,1,14.933333333333334,10.933333333333334,10,10,10,0,2.7199999999999998,5.866666666666666,30,13.333333333333334,0,0,0,0,0,100.0,0,0,40.0,100.0,100.0,10,10,100.0,10.1,18,0,nan,none,0,nan,nan,0
255,135,1,18.266666666666666,15.066666666666666,10,10,10,0,3.6399999999999997,8.4,36,15.333333333333334,0,0,0,0,0,99.09909909909909,8,0,40.0,100.0,100.0,10,10,100.0,8.9,15,0,nan,none,0,nan,nan,0
256,135,1,18.266666666666666,15.066666666666666,10,10,10,0,4.6,10.533333333333333,36,15.333333333333334,0,0,0,0,0,99.09909909909909,8,0,40.0,100.0,100.0,10,10,100.0,10.4,18,0,nan,none,0,nan,nan,0
257,113,1,15.333333333333334,11.866666666666667,10,10,10,0,3.0933333333333333,6.133333333333334,35,13.333333333333334,0,0,0,0,0,100.0,0,0,40.0,100.0,100.0,10,10,100.0,9.0,14,0,nan,none,0,nan,nan,0
258,110,1,14.933333333333334,10.8,10,10,10,0,2.6533333333333333,6.533333333333333,30,13.2,0,0,0,0,0,100.0,0,0,40.0,100.0,100.0,10,10,100.0,11.7,16,0,nan,none,0,nan,nan,0
259,147,1,19.866666666666667,16.666666666666668,10,10,10,0,4.0,12.133333333333333,39,16.933333333333334,0,0,0,0,0,99.1869918699187,8,0,40.0,100.0,100.0,10,10,100.0,9.7,17,1,107,line,1,13,92.3076923076923,0
260,131,1,17.733333333333334,14.533333333333333,10,10,10,0,2.413333333333333,6.8,36,14.8,0,0,0,0,0,99.06542056074767,8,0,40.0,100.0,100.0,10,10,100.0,10.1,14,0,nan,none,0,nan,nan,0
261,132,1,17.866666666666667,14.666666666666666,10,10,10,0,1.8800000000000001,5.866666666666666,36,14.933333333333334,0,0,0,0,0,99.07407407407408,8,0,40.0,100.0,100.0,10,10,100.0,9.5,17,0,nan,none,0,nan,nan,0
262,110,1,14.933333333333334,10.4,10,10,10,0,3.546666666666667,9.733333333333333,28,13.333333333333334,0,0,0,0,0,100.0,0,0,40.0,100.0,100.0,10,10,100.0,11.8,18,0,nan,none,0,nan,nan,0
263,132,1,17.866666666666667,14.666666666666666,10,10,10,0,2.7866666666666666,7.2,37,14.933333333333334,0,0,0,0,0,95.37037037037037,40,0,40.0,100.0,100.0,10,10,100.0,11.6,18,1,79,trunk,1,5,80.0,0
264,323,1,43.333333333333336,39.46666666666667,10,8,8,0,4.633333333333334,15.466666666666667,82,36.8,2,0,0,2,0,96.93877551020408,72,19,40.0,66.66666666666666,66.66666666666666,8,8,100.0,8.75,15,1,67,trunk,0,nan,nan,0
265,113,1,15.333333333333334,11.733333333333333,10,10,10,0,4.16,7.2,34,13.333333333333334,0,0,0,0,0,100.0,0,0,40.0,100.0,100.0,10,10,100.0,9.7,15,0,nan,none,0,nan,nan,0
266,116,1,15.733333333333333,12.133333333333333,10,10,10,0,3.2,5.466666666666667,36,13.333333333333334,0,0,0,0,0,100.0,0,0,40.0,100.0,100.0,10,10,100.0,10.5,17,0,nan,none,0,nan,nan,0
267,103,1,14.0,9.733333333333333,10,10,10,0,4.16,7.733333333333333,24,12.666666666666666,0,0,0,0,0,100.0,0,0,40.0,100.0,100.0,10,10,100.0,12.9,21,0,nan,none,0,nan,nan,0
268,120,1,16.266666666666666,12.933333333333334,10,10,10,0,3.08,7.2,36,13.733333333333333,0,0,0,0,0,98.94736842105263,8,0,40.0,100.0,100.0,10,10,100.0,10.4,22,0,nan,none,0,nan,nan,0
269,132,1,17.866666666666667,14.666666666666666,10,10,10,0,5.026666666666666,9.733333333333333,36,14.933333333333334,0,0,0,0,0,99.07407407407408,8,0,40.0,100.0,100.0,10,10,100.0,12.7,21,0,nan,none,0,nan,nan,0
270,132,1,17.866666666666667,14.666666666666666,10,10,10,0,2.853333333333333,7.6,36,14.933333333333334,0,0,0,0,0,99.07407407407408,8,0,40.0,100.0,100.0,10,10,100.0,8.0,15,0,nan,none,0,nan,nan,0
271,132,1,17.866666666666667,14.666666666666666,10,10,10,0,4.026666666666666,8.0,36,14.933333333333334,0,0,0,0,0,99.07407407407408,8,0,40.0,100.0,100.0,10,10,100.0,10.7,15,0,nan,none,0,nan,nan,0
272,135,1,18.266666666666666,15.066666666666666,10,10,10,0,2.7199999999999998,7.333333333333333,36,15.333333333333334,0,0,0,0,0,99.09909909909909,8,0,40.0,100.0,100.0,10,10,100.0,11.1,20,0,nan,none,0,nan,nan,0
273,325,1,58.4,42.266666666666666,10,1,1,0,0.0,0.0,33,42.666666666666664,3,2,0,5,0,15.555555555555555,2128,3,40.0,16.666666666666664,16.666666666666664,1,1,100.0,7.0,7,1,35,line,1,141,2.8368794326241136,0
274,110,1,14.933333333333334,11.333333333333334,10,10,10,0,3.16,6.4,32,13.2,0,0,0,0,0,100.0,0,0,40.0,100.0,100.0,10,10,100.0,9.8,19,0,nan,none,0,nan,nan,0
275,132,1,17.866666666666667,14.666666666666666,10,10,10,0,3.1066666666666665,7.333333333333333,36,14.933333333333334,0,0,0,0,0,99.07407407407408,8,0,40.0,100.0,100.0,10,10,100.0,9.6,17,0,nan,none,0,nan,nan,0
276,135,1,18.266666666666666,15.066666666666666,10,10,10,0,3.2666666666666666,7.866666666666666,36,15.333333333333334,0,0,0,0,0,99.09909909909909,8,0,40.0,100.0,100.0,10,10,100.0,9.4,18,0,nan,none,0,nan,nan,0
277,108,1,14.666666666666666,11.2,10,10,10,0,2.7199999999999998,8.4,32,13.333333333333334,0,0,0,0,0,100.0,0,0,40.0,100.0,100.0,10,10,100.0,7.9,17,0,nan,none,0,nan,nan,0
278,109,1,14.8,11.066666666666666,10,10,10,0,2.08,6.4,31,13.333333333333334,0,0,0,0,0,100.0,0,0,40.0,100.0,100.0,10,10,100.0,9.1,19,0,nan,none,0,nan,nan,0
279,325,1,43.6,40.4,10,3,3,0,1.688888888888889,3.066666666666667,71,37.6,2,0,0,2,0,99.33554817275747,16,19,40.0,33.33333333333333,33.33333333333333,3,3,100.0,6.333333333333333,7,1,54,trunk,0,nan,nan,0
280,151,1,20.4,17.2,10,10,10,0,4.773333333333333,12.0,39,17.866666666666667,0,0,0,0,0,98.4251968503937,16,0,40.0,100.0,100.0,10,10,100.0,9.8,17,1,65,line,1,20,95.0,0
281,135,1,18.266666666666666,15.066666666666666,10,10,10,0,4.8533333333333335,10.4,36,15.333333333333334,0,0,0,0,0,99.09909909909909,8,0,40.0,100.0,100.0,10,10,100.0,8.7,16,0,nan,none,0,nan,nan,0
282,109,1,14.8,10.133333333333333,10,10,10,0,3.5200000000000005,7.866666666666666,26,13.333333333333334,0,0,0,0,0,100.0,0,0,40.0,100.0,100.0,10,10,100.0,10.9,15,0,nan,none,0,nan,nan,0
283,117,1,15.866666666666667,12.4,10,10,10,0,3.906666666666667,8.533333333333333,36,13.866666666666667,0,0,0,0,0,100.0,0,0,40.0,100.0,100.0,10,10,100.0,8.8,17,0,nan,none,0,nan,nan,0
284,127,1,17.2,12.8,10,10,10,0,3.2800000000000002,6.4,35,16.0,0,0,0,0,0,78.72340425531915,160,0,40.0,100.0,100.0,10,10,100.0,10.4,19,1,67,line,1,21,95.23809523809523,0
285,113,1,15.333333333333334,11.733333333333333,10,10,10,0,3.7866666666666666,7.733333333333333,34,13.333333333333334,0,0,0,0,0,100.0,0,0,40.0,100.0,100.0,10,10,100.0,11.7,18,0,nan,none,0,nan,nan,0
286,137,1,18.533333333333335,15.333333333333334,10,10,10,0,4.053333333333333,7.6,37,18.133333333333333,0,0,0,0,0,97.34513274336283,24,0,40.0,100.0,100.0,10,10,100.0,8.6,14,1,66,sentinel,1,4,75.0,0
287,110,1,14.933333333333334,11.333333333333334,10,10,10,0,2.5733333333333333,5.066666666666666,32,13.2,0,0,0,0,0,100.0,0,0,40.0,100.0,100.0,10,10,100.0,9.9,21,0,nan,none,0,nan,nan,0
288,118,1,16.0,12.8,10,10,10,0,2.9733333333333336,7.866666666666666,36,13.466666666666667,0,0,0,0,0,98.93617021276596,8,0,40.0,100.0,100.0,10,10,100.0,10.0,19,0,nan,none,0,nan,nan,0
289,114,1,15.466666666666667,12.266666666666667,10,10,10,0,3.4266666666666667,6.933333333333334,36,13.333333333333334,0,0,0,0,0,100.0,0,0,40.0,100.0,100.0,10,10,100.0,6.5,12,0,nan,none,0,nan,nan,0
290,116,1,15.733333333333333,12.133333333333333,10,10,10,0,1.7600000000000002,6.8,36,13.333333333333334,0,0,0,0,0,100.0,0,0,40.0,100.0,100.0,10,10,100.0,9.7,15,0,nan,none,0,nan,nan,0
291,109,1,14.8,10.133333333333333,10,10,10,0,2.6266666666666665,7.2,26,13.333333333333334,0,0,0,0,0,100.0,0,0,40.0,100.0,100.0,10,10,100.0,8.5,18,0,nan,none,0,nan,nan,0
292,117,1,15.866666666666667,12.533333333333333,10,10,10,0,2.68,8.666666666666666,36,13.466666666666667,0,0,0,0,0,100.0,0,0,40.0,100.0,100.0,10,10,100.0,10.2,20,0,nan,none,0,nan,nan,0
293,124,1,16.8,13.6,10,10,10,0,3.6266666666666665,7.066666666666666,36,13.866666666666667,0,0,0,0,0,99.0,8,0,40.0,100.0,100.0,10,10,100.0,10.3,20,0,nan,none,0,nan,nan,0
294,135,1,18.266666666666666,15.066666666666666,10,10,10,0,2.56,6.933333333333334,36,15.333333333333334,0,0,0,0,0,99.09909909909909,8,0,40.0,100.0,100.0,10,10,100.0,9.1,14,0,nan,none,0,nan,nan,0
295,114,1,15.466666666666667,12.266666666666667,10,10,10,0,4.1866666666666665,8.533333333333333,36,13.333333333333334,0,0,0,0,0,100.0,0,0,40.0,100.0,100.0,10,10,100.0,9.4,18,0,nan,none,0,nan,nan,0
296,132,1,17.866666666666667,14.666666666666666,10,10,10,0,3.72,9.6,36,14.933333333333334,0,0,0,0,0,99.07407407407408,8,0,40.0,100.0,100.0,10,10,100.0,8.1,13,0,nan,none,0,nan,nan,0
297,135,1,18.266666666666666,15.066666666666666,10,10,10,0,4.32,9.2,36,15.333333333333334,0,0,0,0,0,99.09909909909909,8,0,40.0,100.0,100.0,10,10,100.0,9.5,16,0,nan,none,0,nan,nan,0
298,131,1,17.733333333333334,14.533333333333333,10,10,10,0,3.9733333333333336,8.933333333333334,36,14.8,0,0,0,0,0,99.06542056074767,8,0,40.0,100.0,100.0,10,10,100.0,9.1,15,0,nan,none,0,nan,nan,0
299,116,1,15.733333333333333,12.133333333333333,10,10,10,0,4.933333333333334,10.133333333333333,36,13.333333333333334,0,0,0,0,0,100.0,0,0,40.0,100.0,100.0,10,10,100.0,11.1,17,0,nan,none,0,nan,nan,0
300,131,1,17.733333333333334,14.533333333333333,10,10,10,0,4.906666666666666,8.133333333333333,36,14.8,0,0,0,0,0,99.06542056074767,8,0,40.0,100.0,100.0,10,10,100.0,9.4,16,0,nan,none,0,nan,nan,0
301,142,1,19.2,16.0,10,10,10,0,3.8,10.133333333333333,38,16.266666666666666,0,0,0,0,0,88.98305084745762,104,0,40.0,100.0,100.0,10,10,100.0,10.6,20,1,104,line,1,13,69.23076923076923,0
302,130,1,17.6,14.4,10,10,10,0,3.706666666666667,9.333333333333334,36,14.666666666666666,0,0,0,0,0,99.05660377358491,8,0,40.0,100.0,100.0,10,10,100.0,11.0,18,0,nan,none,0,nan,nan,0
303,103,1,14.0,9.733333333333333,10,10,10,0,1.72,5.6,24,12.666666666666666,0,0,0,0,0,100.0,0,0,40.0,100.0,100.0,10,10,100.0,7.9,16,0,nan,none,0,nan,nan,0
304,120,1,16.266666666666666,12.933333333333334,10,10,10,0,3.733333333333333,8.666666666666666,36,13.733333333333333,0,0,0,0,0,98.94736842105263,8,0,40.0,100.0,100.0,10,10,100.0,10.9,16,0,nan,none,0,nan,nan,0
305,131,1,17.733333333333334,14.533333333333333,10,10,10,0,2.9466666666666663,8.533333333333333,36,14.8,0,0,0,0,0,99.06542056074767,8,0,40.0,100.0,100.0,10,10,100.0,9.9,17,0,nan,none,0,nan,nan,0
306,135,1,18.266666666666666,15.066666666666666,10,10,10,0,3.0266666666666664,7.866666666666666,36,15.333333333333334,0,0,0,0,0,99.09909909909909,8,0,40.0,100.0,100.0,10,10,100.0,9.3,16,0,nan,none,0,nan,nan,0
307,135,1,18.266666666666666,15.066666666666666,10,10,10,0,3.6,8.0,36,15.333333333333334,0,0,0,0,0,99.09909909909909,8,0,40.0,100.0,100.0,10,10,100.0,9.1,16,0,nan,none,0,nan,nan,0
308,114,1,15.466666666666667,12.266666666666667,10,10,10,0,3.28,8.8,36,13.333333333333334,0,0,0,0,0,100.0,0,0,40.0,100.0,100.0,10,10,100.0,9.6,15,0,nan,none,0,nan,nan,0
309,141,1,19.066666666666666,15.866666666666667,10,10,10,0,3.3333333333333335,6.933333333333334,38,16.133333333333333,0,0,0,0,0,90.5982905982906,88,0,40.0,100.0,100.0,10,10,100.0,10.4,16,1,101,line,1,12,83.33333333333334,0
310,130,1,17.6,14.4,10,10,10,0,4.04,9.066666666666666,36,14.666666666666666,0,0,0,0,0,99.05660377358491,8,0,40.0,100.0,100.0,10,10,100.0,11.1,17,0,nan,none,0,nan,nan,0
311,114,1,15.466666666666667,12.266666666666667,10,10,10,0,3.066666666666667,5.733333333333333,36,13.333333333333334,0,0,0,0,0,100.0,0,0,40.0,100.0,100.0,10,10,100.0,9.4,17,0,nan,none,0,nan,nan,0
312,132,1,17.866666666666667,14.666666666666666,10,10,10,0,3.746666666666667,8.4,36,14.933333333333334,0,0,0,0,0,99.07407407407408,8,0,40.0,100.0,100.0,10,10,100.0,12.5,21,0,nan,none,0,nan,nan,0
313,180,1,24.266666666666666,21.066666666666666,10,10,10,0,8.266666666666667,16.666666666666668,48,21.866666666666667,1,0,0,1,0,64.74358974358975,440,7,40.0,100.0,100.0,10,10,100.0,9.0,15,1,52,line,1,24,50.0,0
314,131,1,17.733333333333334,14.533333333333333,10,10,10,0,4.093333333333334,7.6,36,14.8,0,0,0,0,0,99.06542056074767,8,0,40.0,100.0,100.0,10,10,100.0,11.4,23,0,nan,none,0,nan,nan,0
315,130,1,17.6,14.4,10,10,10,0,4.306666666666667,8.533333333333333,37,14.666666666666666,0,0,0,0,0,84.90566037735849,128,0,40.0,100.0,100.0,10,10,100.0,8.5,17,1,90,trunk,1,17,82.35294117647058,0
316,160,1,21.6,18.266666666666666,10,10,10,0,3.706666666666666,12.666666666666666,42,18.133333333333333,0,0,0,0,0,85.18518518518519,160,0,40.0,100.0,100.0,10,10,100.0,10.0,18,1,75,trunk,1,20,90.0,0
317,139,1,18.8,15.6,10,10,10,0,5.16,9.466666666666667,36,17.066666666666666,0,0,0,0,0,86.95652173913044,120,0,40.0,100.0,100.0,10,10,100.0,10.0,18,1,54,line,1,15,93.33333333333333,0
318,103,1,14.0,9.733333333333333,10,10,10,0,2.88,5.733333333333333,24,12.666666666666666,0,0,0,0,0,100.0,0,0,40.0,100.0,100.0,10,10,100.0,9.8,17,0,nan,none,0,nan,nan,0
319,108,1,14.666666666666666,11.2,10,10,10,0,3.066666666666667,6.666666666666667,32,13.333333333333334,0,0,0,0,0,100.0,0,0,40.0,100.0,100.0,10,10,100.0,10.3,16,0,nan,none,0,nan,nan,0
320,126,1,17.066666666666666,13.866666666666667,10,10,10,0,3.293333333333334,5.866666666666666,36,14.133333333333333,0,0,0,0,0,99.01960784313727,8,0,40.0,100.0,100.0,10,10,100.0,8.7,13,0,nan,none,0,nan,nan,0
321,107,1,14.533333333333333,10.4,10,10,10,0,2.2399999999999998,5.066666666666666,28,13.466666666666667,0,0,0,0,0,93.42105263157895,40,0,40.0,100.0,100.0,10,10,100.0,10.0,19,1,74,line,0,nan,nan,0
322,110,1,14.933333333333334,11.6,10,10,10,0,3.5066666666666664,8.133333333333333,34,13.2,0,0,0,0,0,100.0,0,0,40.0,100.0,100.0,10,10,100.0,9.0,18,0,nan,none,0,nan,nan,0
323,103,1,14.0,9.733333333333333,10,10,10,0,1.8666666666666667,4.8,24,12.666666666666666,0,0,0,0,0,100.0,0,0,40.0,100.0,100.0,10,10,100.0,10.4,21,0,nan,none,0,nan,nan,0
324,132,1,17.866666666666667,14.666666666666666,10,10,10,0,3.3600000000000003,9.6,36,14.933333333333334,0,0,0,0,0,99.07407407407408,8,0,40.0,100.0,100.0,10,10,100.0,8.5,15,0,nan,none,0,nan,nan,0
325,135,1,18.266666666666666,15.066666666666666,10,10,10,0,3.4666666666666663,8.266666666666667,36,15.333333333333334,0,0,0,0,0,99.09909909909909,8,0,40.0,100.0,100.0,10,10,100.0,9.7,14,0,nan,none,0,nan,nan,0
326,134,1,18.133333333333333,14.4,10,10,10,0,5.6,10.0,36,15.733333333333333,0,0,0,0,0,82.0754716981132,152,0,40.0,100.0,100.0,10,10,100.0,11.4,18,1,65,line,1,20,95.0,0
327,137,1,18.533333333333335,15.333333333333334,10,10,10,0,5.066666666666666,8.8,37,15.6,0,0,0,0,0,87.61061946902655,112,0,40.0,100.0,100.0,10,10,100.0,9.5,15,1,98,line,1,14,71.42857142857143,0
328,113,1,15.333333333333334,11.866666666666667,10,10,10,0,1.64,5.066666666666666,35,13.333333333333334,0,0,0,0,0,100.0,0,0,40.0,100.0,100.0,10,10,100.0,11.3,18,0,nan,none,0,nan,nan,0
329,151,1,20.4,17.2,10,10,10,0,3.0933333333333333,7.866666666666666,40,17.466666666666665,0,0,0,0,0,82.67716535433071,176,0,40.0,100.0,100.0,10,10,100.0,8.1,13,1,99,line,1,23,43.47826086956522,0
330,108,1,14.666666666666666,10.533333333333333,10,10,10,0,2.2399999999999998,7.333333333333333,28,13.466666666666667,0,0,0,0,0,100.0,0,0,40.0,100.0,100.0,10,10,100.0,11.9,15,0,nan,none,0,nan,nan,0
331,144,1,19.466666666666665,16.266666666666666,10,10,10,0,5.426666666666667,8.666666666666666,38,16.533333333333335,0,0,0,0,0,96.66666666666667,32,0,40.0,100.0,100.0,10,10,100.0,8.9,16,1,85,trunk,1,5,80.0,0
332,130,1,17.6,14.4,10,10,10,0,2.9333333333333336,9.333333333333334,36,14.666666666666666,0,0,0,0,0,99.05660377358491,8,0,40.0,100.0,100.0,10,10,100.0,6.2,12,0,nan,none,0,nan,nan,0
333,108,1,14.666666666666666,10.666666666666666,10,10,10,0,2.986666666666667,7.733333333333333,29,13.333333333333334,0,0,0,0,0,100.0,0,0,40.0,100.0,100.0,10,10,100.0,10.0,17,0,nan,none,0,nan,nan,0
334,143,1,19.333333333333332,16.133333333333333,10,10,10,0,5.5600000000000005,10.0,37,16.933333333333334,0,0,0,0,0,85.71428571428571,136,0,40.0,100.0,100.0,10,10,100.0,12.1,26,1,59,line,1,17,94.11764705882352,0
335,130,1,17.6,14.4,10,10,10,0,3.7866666666666666,8.4,36,14.666666666666666,0,0,0,0,0,99.05660377358491,8,0,40.0,100.0,100.0,10,10,100.0,10.3,15,0,nan,none,0,nan,nan,0
336,127,1,17.2,12.8,10,10,10,0,2.8666666666666667,8.133333333333333,33,15.733333333333333,0,0,0,0,0,80.85106382978722,144,0,40.0,100.0,100.0,10,10,100.0,8.5,19,1,64,line,1,19,94.73684210526315,0
337,103,1,14.0,9.733333333333333,10,10,10,0,3.9733333333333336,7.2,24,12.666666666666666,0,0,0,0,0,100.0,0,0,40.0,100.0,100.0,10,10,100.0,10.3,17,0,nan,none,0,nan,nan,0
338,131,1,17.733333333333334,14.533333333333333,10,10,10,0,3.6,6.933333333333334,36,14.8,0,0,0,0,0,99.06542056074767,8,0,40.0,100.0,100.0,10,10,100.0,10.1,20,0,nan,none,0,nan,nan,0
339,162,1,21.866666666666667,18.666666666666668,10,10,10,0,4.5200000000000005,12.266666666666667,43,19.066666666666666,0,0,0,0,0,100.0,0,0,40.0,100.0,100.0,10,10,100.0,8.6,14,1,77,line,1,26,96.15384615384616,0
340,124,1,16.8,13.6,10,10,10,0,3.8266666666666667,8.133333333333333,36,13.866666666666667,0,0,0,0,0,99.0,8,0,40.0,100.0,100.0,10,10,100.0,11.5,16,0,nan,none,0,nan,nan,0
341,132,1,17.866666666666667,14.666666666666666,10,10,10,0,2.2,8.266666666666667,36,14.933333333333334,0,0,0,0,0,99.07407407407408,8,0,40.0,100.0,100.0,10,10,100.0,9.7,15,0,nan,none,0,nan,nan,0
342,123,1,16.666666666666668,13.466666666666667,10,10,10,0,2.986666666666667,6.0,36,13.733333333333333,0,0,0,0,0,98.98989898989899,8,0,40.0,100.0,100.0,10,10,100.0,9.6,13,0,nan,none,0,nan,nan,0
343,130,1,17.6,14.4,10,10,10,0,4.8133333333333335,8.8,36,14.666666666666666,0,0,0,0,0,99.05660377358491,8,0,40.0,100.0,100.0,10,10,100.0,12.4,19,0,nan,none,0,nan,nan,0
344,117,1,15.866666666666667,12.533333333333333,10,10,10,0,2.6133333333333333,6.4,36,13.466666666666667,0,0,0,0,0,100.0,0,0,40.0,100.0,100.0,10,10,100.0,9.1,17,0,nan,none,0,nan,nan,0
345,132,1,17.866666666666667,14.666666666666666,10,10,10,0,3.586666666666667,9.066666666666666,36,14.933333333333334,0,0,0,0,0,99.07407407407408,8,0,40.0,100.0,100.0,10,10,100.0,8.9,16,0,nan,none,0,nan,nan,0
346,130,1,17.6,14.4,10,10,10,0,3.066666666666667,8.933333333333334,36,14.666666666666666,0,0,0,0,0,99.05660377358491,8,0,40.0,100.0,100.0,10,10,100.0,9.1,18,0,nan,none,0,nan,nan,0
347,181,1,24.4,20.8,10,10,10,0,7.826666666666666,12.666666666666666,47,21.6,1,0,0,1,0,75.97402597402598,296,6,40.0,100.0,100.0,10,10,100.0,12.0,19,1,48,line,1,31,45.16129032258064,0
348,132,1,17.866666666666667,14.666666666666666,10,10,10,0,3.0266666666666664,6.666666666666667,36,14.933333333333334,0,0,0,0,0,99.07407407407408,8,0,40.0,100.0,100.0,10,10,100.0,9.1,19,0,nan,none,0,nan,nan,0
349,125,1,16.933333333333334,13.733333333333333,10,10,10,0,3.12,6.0,36,14.0,0,0,0,0,0,99.00990099009901,8,0,40.0,100.0,100.0,10,10,100.0,7.9,13,0,nan,none,0,nan,nan,0
350,328,1,76.93333333333334,43.6,10,7,7,0,1.4285714285714286,7.733333333333333,27,66.66666666666667,4,2,0,6,0,70.98765432098766,376,10,40.0,72.22222222222221,72.22222222222221,7,7,100.0,9.428571428571429,12,1,51,trunk,0,nan,nan,0
351,108,1,14.666666666666666,11.2,10,10,10,0,3.546666666666667,8.533333333333333,32,13.333333333333334,0,0,0,0,0,100.0,0,0,40.0,100.0,100.0,10,10,100.0,10.3,16,0,nan,none,0,nan,nan,0
352,110,1,14.933333333333334,10.4,10,10,10,0,2.9466666666666668,6.133333333333334,28,13.333333333333334,0,0,0,0,0,100.0,0,0,40.0,100.0,100.0,10,10,100.0,9.7,15,0,nan,none,0,nan,nan,0
353,131,1,17.733333333333334,14.533333333333333,10,10,10,0,2.933333333333333,6.133333333333334,36,14.8,0,0,0,0,0,99.06542056074767,8,0,40.0,100.0,100.0,10,10,100.0,9.7,18,0,nan,none,0,nan,nan,0
354,103,1,14.0,9.733333333333333,10,10,10,0,4.746666666666667,8.666666666666666,24,12.666666666666666,0,0,0,0,0,100.0,0,0,40.0,100.0,100.0,10,10,100.0,11.2,18,0,nan,none,0,nan,nan,0
355,127,1,17.2,14.0,10,10,10,0,4.506666666666667,7.733333333333333,36,14.266666666666667,0,0,0,0,0,99.02912621359224,8,0,40.0,100.0,100.0,10,10,100.0,10.9,19,0,nan,none,0,nan,nan,0
356,113,1,15.333333333333334,11.733333333333333,10,10,10,0,2.8400000000000003,8.266666666666667,34,13.333333333333334,0,0,0,0,0,100.0,0,0,40.0,100.0,100.0,10,10,100.0,11.7,23,0,nan,none,0,nan,nan,0
357,326,1,43.733333333333334,40.4,10,5,5,0,2.453333333333333,5.733333333333333,71,37.733333333333334,2,0,0,2,0,99.33554817275747,16,19,40.0,50.0,50.0,5,5,100.0,8.4,13,1,58,trunk,0,nan,nan,0
358,110,1,14.933333333333334,10.4,10,10,10,0,3.306666666666667,8.533333333333333,28,13.333333333333334,0,0,0,0,0,100.0,0,0,40.0,100.0,100.0,10,10,100.0,12.2,21,0,nan,none,0,nan,nan,0
359,147,1,19.866666666666667,16.666666666666668,10,10,10,0,4.1466666666666665,9.466666666666667,38,19.333333333333332,0,0,0,0,0,89.43089430894308,104,0,40.0,100.0,100.0,10,10,100.0,9.7,15,1,56,line,1,15,93.33333333333333,0
360,130,1,17.6,14.4,10,10,10,0,3.9466666666666668,9.066666666666666,36,14.666666666666666,0,0,0,0,0,99.05660377358491,8,0,40.0,100.0,100.0,10,10,100.0,9.5,16,0,nan,none,0,nan,nan,0
361,127,1,17.2,13.066666666666666,10,10,10,0,3.986666666666667,12.4,32,15.866666666666667,0,0,0,0,0,94.79166666666666,40,0,40.0,100.0,100.0,10,10,100.0,10.6,18,1,51,line,1,26,53.84615384615385,0
362,135,1,18.266666666666666,15.066666666666666,10,10,10,0,4.053333333333333,8.666666666666666,36,15.333333333333334,0,0,0,0,0,99.09909909909909,8,0,40.0,100.0,100.0,10,10,100.0,8.2,13,0,nan,none,0,nan,nan,0
363,114,1,15.466666666666667,12.266666666666667,10,10,10,0,2.08,8.0,36,13.333333333333334,0,0,0,0,0,100.0,0,0,40.0,100.0,100.0,10,10,100.0,8.7,14,0,nan,none,0,nan,nan,0
364,135,1,18.266666666666666,15.066666666666666,10,10,10,0,4.426666666666667,9.466666666666667,36,15.333333333333334,0,0,0,0,0,99.09909909909909,8,0,40.0,100.0,100.0,10,10,100.0,9.9,17,0,nan,none,0,nan,nan,0
365,109,1,14.8,11.066666666666666,10,10,10,0,1.9333333333333331,7.066666666666666,31,13.333333333333334,0,0,0,0,0,100.0,0,0,40.0,100.0,100.0,10,10,100.0,9.3,16,0,nan,none,0,nan,nan,0
366,146,1,19.733333333333334,16.533333333333335,10,10,10,0,2.6266666666666665,6.8,39,16.8,0,0,0,0,0,86.88524590163934,128,0,40.0,100.0,100.0,10,10,100.0,9.5,14,1,70,trunk,1,19,94.73684210526315,0
367,241,1,32.4,29.066666666666666,10,10,10,0,8.786666666666665,21.466666666666665,57,27.6,2,0,0,2,0,42.129629629629626,1000,10,40.0,100.0,100.0,10,10,100.0,10.0,19,1,37,trunk,0,nan,nan,0
368,114,1,15.466666666666667,12.0,10,10,10,0,3.253333333333333,6.8,36,13.2,0,0,0,0,0,100.0,0,0,40.0,100.0,100.0,10,10,100.0,9.2,20,0,nan,none,0,nan,nan,0
369,156,1,21.066666666666666,17.866666666666667,10,10,10,0,4.413333333333333,8.8,41,18.266666666666666,0,0,0,0,0,100.0,0,0,40.0,100.0,100.0,10,10,100.0,7.5,17,1,77,line,1,26,96.15384615384616,0
370,106,1,14.4,10.0,10,10,10,0,2.9066666666666667,7.333333333333333,26,13.066666666666666,0,0,0,0,0,100.0,0,0,40.0,100.0,100.0,10,10,100.0,9.0,15,0,nan,none,0,nan,nan,0
371,135,1,18.266666666666666,15.066666666666666,10,10,10,0,4.5600000000000005,9.066666666666666,36,15.333333333333334,0,0,0,0,0,99.09909909909909,8,0,40.0,100.0,100.0,10,10,100.0,9.6,16,0,nan,none,0,nan,nan,0
372,137,1,18.533333333333335,15.333333333333334,10,10,10,0,5.92,9.866666666666667,36,16.4,0,0,0,0,0,86.72566371681415,120,0,40.0,100.0,100.0,10,10,100.0,11.5,16,1,41,line,1,12,83.33333333333334,0
373,131,1,17.733333333333334,14.533333333333333,10,10,10,0,4.8133333333333335,9.6,36,14.8,0,0,0,0,0,99.06542056074767,8,0,40.0,100.0,100.0,10,10,100.0,9.3,16,0,nan,none,0,nan,nan,0
374,135,1,18.266666666666666,15.066666666666666,10,10,10,0,4.106666666666667,7.733333333333333,36,15.333333333333334,0,0,0,0,0,99.09909909909909,8,0,40.0,100.0,100.0,10,10,100.0,8.7,17,0,nan,none,0,nan,nan,0
375,124,1,16.8,13.6,10,10,10,0,2.52,6.4,36,13.866666666666667,0,0,0,0,0,99.0,8,0,40.0,100.0,100.0,10,10,100.0,9.9,17,0,nan,none,0,nan,nan,0
376,89,1,12.133333333333333,8.533333333333333,10,10,10,0,3.693333333333334,7.733333333333333,24,11.2,0,0,0,0,0,100.0,0,0,40.0,100.0,100.0,10,10,100.0,9.3,14,0,nan,none,0,nan,nan,0
377,126,1,17.066666666666666,13.866666666666667,10,10,10,0,4.32,8.533333333333333,37,14.266666666666667,0,0,0,0,0,94.11764705882352,48,0,40.0,100.0,100.0,10,10,100.0,10.3,15,1,72,trunk,1,7,85.71428571428571,0
378,326,1,43.733333333333334,39.733333333333334,10,7,7,0,2.933333333333333,7.6,82,37.2,2,0,0,2,0,99.32432432432432,16,19,40.0,77.77777777777779,77.77777777777779,7,7,100.0,10.285714285714286,14,1,53,trunk,0,nan,nan,0
379,113,1,15.333333333333334,11.733333333333333,10,10,10,0,2.2800000000000002,5.2,34,13.333333333333334,0,0,0,0,0,100.0,0,0,40.0,100.0,100.0,10,10,100.0,11.7,18,0,nan,none,0,nan,nan,0
380,131,1,17.733333333333334,14.533333333333333,10,10,10,0,4.133333333333334,8.533333333333333,36,14.8,0,0,0,0,0,99.06542056074767,8,0,40.0,100.0,100.0,10,10,100.0,9.8,16,0,nan,none,0,nan,nan,0
381,130,1,17.6,14.4,10,10,10,0,2.9066666666666667,5.066666666666666,36,14.666666666666666,0,0,0,0,0,99.05660377358491,8,0,40.0,100.0,100.0,10,10,100.0,10.2,18,0,nan,none,0,nan,nan,0
382,124,1,16.8,13.6,10,10,10,0,3.4799999999999995,8.0,36,13.866666666666667,0,0,0,0,0,99.0,8,0,40.0,100.0,100.0,10,10,100.0,9.2,18,0,nan,none,0,nan,nan,0
383,132,1,17.866666666666667,14.666666666666666,10,10,10,0,4.386666666666667,8.4,36,14.933333333333334,0,0,0,0,0,99.07407407407408,8,0,40.0,100.0,100.0,10,10,100.0,11.5,16,0,nan,none,0,nan,nan,0
384,135,1,18.266666666666666,15.066666666666666,10,10,10,0,1.8666666666666667,5.066666666666666,36,15.333333333333334,0,0,0,0,0,99.09909909909909,8,0,40.0,100.0,100.0,10,10,100.0,8.0,16,0,nan,none,0,nan,nan,0
385,131,1,17.733333333333334,14.533333333333333,10,10,10,0,3.9333333333333336,8.666666666666666,36,14.8,0,0,0,0,0,99.06542056074767,8,0,40.0,100.0,100.0,10,10,100.0,10.2,20,0,nan,none,0,nan,nan,0
386,132,1,17.866666666666667,14.666666666666666,10,10,10,0,3.56,6.533333333333333,36,14.933333333333334,0,0,0,0,0,99.07407407407408,8,0,40.0,100.0,100.0,10,10,100.0,11.0,21,0,nan,none,0,nan,nan,0
387,110,1,14.933333333333334,10.4,10,10,10,0,4.32,10.133333333333333,28,13.333333333333334,0,0,0,0,0,100.0,0,0,40.0,100.0,100.0,10,10,100.0,11.5,17,0,nan,none,0,nan,nan,0
388,132,1,17.866666666666667,14.666666666666666,10,10,10,0,3.1066666666666665,8.133333333333333,37,14.933333333333334,0,0,0,0,0,92.5925925925926,64,0,40.0,100.0,100.0,10,10,100.0,11.0,18,1,104,trunk,0,nan,nan,0
389,153,1,20.666666666666668,17.466666666666665,10,10,10,0,6.4,10.133333333333333,40,19.066666666666666,0,0,0,0,0,85.27131782945736,152,0,40.0,100.0,100.0,10,10,100.0,12.6,21,1,62,line,1,19,94.73684210526315,0
390,135,1,18.266666666666666,15.066666666666666,10,10,10,0,4.306666666666667,8.666666666666666,36,15.333333333333334,0,0,0,0,0,99.09909909909909,8,0,40.0,100.0,100.0,10,10,100.0,9.5,13,0,nan,none,0,nan,nan,0
391,108,1,14.666666666666666,10.666666666666666,10,10,10,0,3.4266666666666667,10.0,29,13.333333333333334,0,0,0,0,0,100.0,0,0,40.0,100.0,100.0,10,10,100.0,10.1,19,0,nan,none,0,nan,nan,0
392,116,1,15.733333333333333,12.133333333333333,10,10,10,0,1.8133333333333332,4.266666666666667,36,13.333333333333334,0,0,0,0,0,100.0,0,0,40.0,100.0,100.0,10,10,100.0,10.0,15,0,nan,none,0,nan,nan,0
393,116,1,15.733333333333333,12.133333333333333,10,10,10,0,3.6799999999999997,8.666666666666666,36,13.333333333333334,0,0,0,0,0,100.0,0,0,40.0,100.0,100.0,10,10,100.0,10.6,16,0,nan,none,0,nan,nan,0
394,141,1,19.066666666666666,15.866666666666667,10,10,10,0,4.5200000000000005,11.2,37,16.666666666666668,0,0,0,0,0,82.05128205128204,168,0,40.0,100.0,100.0,10,10,100.0,10.9,23,1,41,line,1,20,60.0,0
395,124,1,16.8,13.6,10,10,10,0,2.6399999999999997,6.0,36,13.866666666666667,0,0,0,0,0,99.0,8,0,40.0,100.0,100.0,10,10,100.0,10.0,18,0,nan,none,0,nan,nan,0
396,122,1,16.533333333333335,13.066666666666666,10,10,10,0,2.8,4.533333333333333,36,14.8,0,0,0,0,0,88.54166666666666,88,0,40.0,100.0,100.0,10,10,100.0,11.4,18,1,40,line,1,11,90.9090909090909,0
397,113,1,15.333333333333334,11.866666666666667,10,10,10,0,4.613333333333333,8.666666666666666,35,13.333333333333334,0,0,0,0,0,100.0,0,0,40.0,100.0,100.0,10,10,100.0,13.2,18,0,nan,none,0,nan,nan,0
398,143,1,19.333333333333332,16.133333333333333,10,10,10,0,4.4399999999999995,8.4,37,18.8,0,0,0,0,0,87.39495798319328,120,0,40.0,100.0,100.0,10,10,100.0,10.1,18,1,60,line,1,17,94.11764705882352,0
399,108,1,14.666666666666666,10.533333333333333,10,10,10,0,2.24,7.2,28,13.466666666666667,0,0,0,0,0,100.0,0,0,40.0,100.0,100.0,10,10,100.0,8.7,13,0,nan,none,0,nan,nan,0
400,134,1,18.133333333333333,14.933333333333334,10,10,10,0,3.96,10.4,37,15.333333333333334,0,0,0,0,0,90.9090909090909,80,0,40.0,100.0,100.0,10,10,100.0,9.9,17,1,62,trunk,1,9,88.88888888888889,0
401,135,1,18.266666666666666,15.066666666666666,10,10,10,0,2.6133333333333333,10.0,37,15.333333333333334,0,0,0,0,0,95.4954954954955,40,0,40.0,100.0,100.0,10,10,100.0,10.8,17,1,110,trunk,0,nan,nan,0
402,130,1,17.6,14.4,10,10,10,0,4.613333333333333,6.4,36,14.666666666666666,0,0,0,0,0,99.05660377358491,8,0,40.0,100.0,100.0,10,10,100.0,10.2,17,0,nan,none,0,nan,nan,0
403,327,1,43.86666666666667,39.733333333333334,10,8,8,0,1.7333333333333334,4.0,83,37.2,2,0,0,2,0,97.97297297297297,48,20,40.0,77.77777777777779,77.77777777777779,8,8,100.0,9.625,16,1,58,trunk,0,nan,nan,0
404,144,1,19.466666666666665,16.266666666666666,10,10,10,0,4.24,9.866666666666667,37,18.666666666666668,0,0,0,0,0,87.5,120,0,40.0,100.0,100.0,10,10,100.0,9.4,16,1,47,line,1,14,71.42857142857143,0
405,126,1,17.066666666666666,13.866666666666667,10,10,10,0,1.8666666666666667,7.066666666666666,36,14.133333333333333,0,0,0,0,0,99.01960784313727,8,0,40.0,100.0,100.0,10,10,100.0,9.5,14,0,nan,none,0,nan,nan,0
406,114,1,15.466666666666667,12.266666666666667,10,10,10,0,3.2399999999999998,7.2,36,13.333333333333334,0,0,0,0,0,100.0,0,0,40.0,100.0,100.0,10,10,100.0,7.0,14,0,nan,none,0,nan,nan,0
407,325,1,58.53333333333333,42.266666666666666,10,0,0,0,nan,nan,33,41.2,4,2,0,6,0,19.230769230769234,2016,3,40.0,0.0,0.0,0,0,nan,nan,nan,1,37,line,1,148,8.108108108108109,0
408,101,1,13.733333333333333,9.6,10,10,10,0,4.093333333333333,6.8,24,12.4,0,0,0,0,0,100.0,0,0,40.0,100.0,100.0,10,10,100.0,10.4,18,0,nan,none,0,nan,nan,0
409,125,1,16.933333333333334,13.733333333333333,10,10,10,0,3.1066666666666665,7.333333333333333,36,14.0,0,0,0,0,0,99.00990099009901,8,0,40.0,100.0,100.0,10,10,100.0,12.1,18,0,nan,none,0,nan,nan,0
410,146,1,19.733333333333334,16.4,10,10,10,0,5.026666666666666,9.333333333333334,38,17.733333333333334,0,0,0,0,0,81.81818181818183,176,0,40.0,100.0,100.0,10,10,100.0,11.4,19,1,70,line,1,23,95.65217391304348,0
411,125,1,16.933333333333334,13.733333333333333,10,10,10,0,3.3333333333333335,6.4,36,14.0,0,0,0,0,0,99.00990099009901,8,0,40.0,100.0,100.0,10,10,100.0,10.3,16,0,nan,none,0,nan,nan,0
412,99,1,13.466666666666667,9.466666666666667,10,10,10,0,2.3733333333333335,8.533333333333333,24,12.266666666666667,0,0,0,0,0,100.0,0,0,40.0,100.0,100.0,10,10,100.0,9.9,16,0,nan,none,0,nan,nan,0
413,113,1,15.333333333333334,11.733333333333333,10,10,10,0,2.773333333333333,6.533333333333333,34,13.333333333333334,0,0,0,0,0,100.0,0,0,40.0,100.0,100.0,10,10,100.0,9.7,22,0,nan,none,0,nan,nan,0
414,114,1,15.466666666666667,12.266666666666667,10,10,10,0,3.5733333333333333,8.666666666666666,36,13.333333333333334,0,0,0,0,0,100.0,0,0,40.0,100.0,100.0,10,10,100.0,9.3,13,0,nan,none,0,nan,nan,0
415,110,1,14.933333333333334,10.8,10,10,10,0,2.92,7.466666666666667,30,13.2,0,0,0,0,0,100.0,0,0,40.0,100.0,100.0,10,10,100.0,9.2,16,0,nan,none,0,nan,nan,0
416,133,1,18.0,14.0,10,10,10,0,7.840000000000001,11.866666666666667,36,16.266666666666666,0,0,0,0,0,100.0,0,0,40.0,100.0,100.0,10,10,100.0,13.2,22,1,61,line,1,18,94.44444444444444,0
417,113,1,15.333333333333334,11.733333333333333,10,10,10,0,2.8266666666666667,8.933333333333334,34,13.333333333333334,0,0,0,0,0,100.0,0,0,40.0,100.0,100.0,10,10,100.0,11.0,16,0,nan,none,0,nan,nan,0
418,108,1,14.666666666666666,11.2,10,10,10,0,2.08,4.4,32,13.333333333333334,0,0,0,0,0,100.0,0,0,40.0,100.0,100.0,10,10,100.0,10.1,18,0,nan,none,0,nan,nan,0
419,110,1,14.933333333333334,11.333333333333334,10,10,10,0,2.4533333333333336,8.4,32,13.2,0,0,0,0,0,100.0,0,0,40.0,100.0,100.0,10,10,100.0,9.6,16,0,nan,none,0,nan,nan,0
420,144,1,19.466666666666665,16.266666666666666,10,10,10,0,4.666666666666666,9.066666666666666,37,18.533333333333335,0,0,0,0,0,88.33333333333333,112,0,40.0,100.0,100.0,10,10,100.0,8.1,13,1,54,line,1,15,93.33333333333333,0
421,115,1,15.6,12.0,10,10,10,0,1.48,4.533333333333333,35,15.2,0,0,0,0,0,96.5909090909091,24,0,40.0,100.0,100.0,10,10,100.0,11.2,15,1,72,sentinel,1,4,75.0,0
422,130,1,17.6,14.4,10,10,10,0,3.2133333333333334,7.866666666666666,37,14.666666666666666,0,0,0,0,0,96.22641509433963,32,0,40.0,100.0,100.0,10,10,100.0,11.6,18,1,91,trunk,1,5,80.0,0
423,116,1,15.733333333333333,12.133333333333333,10,10,10,0,2.7199999999999998,6.266666666666667,36,13.333333333333334,0,0,0,0,0,100.0,0,0,40.0,100.0,100.0,10,10,100.0,10.4,16,0,nan,none,0,nan,nan,0
424,110,1,14.933333333333334,10.8,10,10,10,0,4.226666666666667,7.866666666666666,30,13.2,0,0,0,0,0,100.0,0,0,40.0,100.0,100.0,10,10,100.0,13.8,22,0,nan,none,0,nan,nan,0
425,109,1,14.8,10.133333333333333,10,10,10,0,4.133333333333334,8.933333333333334,26,13.333333333333334,0,0,0,0,0,100.0,0,0,40.0,100.0,100.0,10,10,100.0,11.0,21,0,nan,none,0,nan,nan,0
426,110,1,14.933333333333334,10.933333333333334,10,10,10,0,2.546666666666667,8.133333333333333,30,13.333333333333334,0,0,0,0,0,100.0,0,0,40.0,100.0,100.0,10,10,100.0,11.1,18,0,nan,none,0,nan,nan,0
427,130,1,17.6,14.4,10,10,10,0,3.44,7.466666666666667,36,14.666666666666666,0,0,0,0,0,99.05660377358491,8,0,40.0,100.0,100.0,10,10,100.0,10.0,18,0,nan,none,0,nan,nan,0
428,131,1,17.733333333333334,14.533333333333333,10,10,10,0,1.9066666666666667,9.333333333333334,36,14.8,0,0,0,0,0,99.06542056074767,8,0,40.0,100.0,100.0,10,10,100.0,9.6,16,0,nan,none,0,nan,nan,0
429,118,1,16.0,12.666666666666666,10,10,10,0,3.3866666666666667,9.733333333333333,36,13.466666666666667,0,0,0,0,0,100.0,0,0,40.0,100.0,100.0,10,10,100.0,9.2,18,0,nan,none,0,nan,nan,0
430,120,1,16.266666666666666,12.0,10,10,10,0,6.04,11.733333333333333,30,14.933333333333334,0,0,0,0,0,78.4090909090909,152,0,40.0,100.0,100.0,10,10,100.0,10.5,19,1,40,line,1,19,63.1578947368421,0
431,127,1,17.2,14.0,10,10,10,0,2.9733333333333336,5.733333333333333,36,14.266666666666667,0,0,0,0,0,99.02912621359224,8,0,40.0,100.0,100.0,10,10,100.0,9.9,16,0,nan,none,0,nan,nan,0
432,114,1,15.466666666666667,12.266666666666667,10,10,10,0,1.9600000000000002,4.666666666666667,36,13.333333333333334,0,0,0,0,0,100.0,0,0,40.0,100.0,100.0,10,10,100.0,9.6,22,0,nan,none,0,nan,nan,0
433,101,1,13.733333333333333,9.6,10,10,10,0,3.453333333333333,8.133333333333333,24,12.4,0,0,0,0,0,100.0,0,0,40.0,100.0,100.0,10,10,100.0,11.9,17,0,nan,none,0,nan,nan,0
434,113,1,15.333333333333334,11.733333333333333,10,10,10,0,3.026666666666667,8.266666666666667,34,13.333333333333334,0,0,0,0,0,100.0,0,0,40.0,100.0,100.0,10,10,100.0,10.4,17,0,nan,none,0,nan,nan,0
435,113,1,15.333333333333334,11.866666666666667,10,10,10,0,2.7199999999999998,7.066666666666666,35,13.333333333333334,0,0,0,0,0,100.0,0,0,40.0,100.0,100.0,10,10,100.0,11.1,18,0,nan,none,0,nan,nan,0
436,114,1,15.466666666666667,12.266666666666667,10,10,10,0,3.9733333333333336,9.333333333333334,36,13.333333333333334,0,0,0,0,0,100.0,0,0,40.0,100.0,100.0,10,10,100.0,11.9,21,0,nan,none,0,nan,nan,0
437,113,1,15.333333333333334,11.733333333333333,10,10,10,0,3.2133333333333334,6.266666666666667,34,13.333333333333334,0,0,0,0,0,100.0,0,0,40.0,100.0,100.0,10,10,100.0,11.3,15,0,nan,none,0,nan,nan,0
438,134,1,18.133333333333333,14.0,10,10,10,0,3.6,6.933333333333334,37,14.4,0,0,0,0,0,89.32038834951457,88,0,40.0,100.0,100.0,10,10,100.0,9.8,18,1,84,trunk,1,16,87.5,0
439,143,1,19.333333333333332,16.133333333333333,10,10,10,0,3.8933333333333335,9.333333333333334,38,16.4,0,0,0,0,0,89.07563025210085,104,0,40.0,100.0,100.0,10,10,100.0,8.1,15,1,103,line,1,13,69.23076923076923,0
440,113,1,15.333333333333334,11.733333333333333,10,10,10,0,3.693333333333333,9.733333333333333,34,13.333333333333334,0,0,0,0,0,100.0,0,0,40.0,100.0,100.0,10,10,100.0,9.9,16,0,nan,none,0,nan,nan,0
441,146,1,19.733333333333334,16.533333333333335,10,10,10,0,6.640000000000001,11.066666666666666,38,17.733333333333334,0,0,0,0,0,81.14754098360656,184,0,40.0,100.0,100.0,10,10,100.0,10.9,17,1,49,line,1,22,50.0,0
442,131,1,17.733333333333334,14.533333333333333,10,10,10,0,3.3866666666666667,7.866666666666666,36,14.8,0,0,0,0,0,99.06542056074767,8,0,40.0,100.0,100.0,10,10,100.0,10.8,21,0,nan,none,0,nan,nan,0
443,146,1,19.733333333333334,16.533333333333335,10,10,10,0,3.84,7.733333333333333,39,16.8,0,0,0,0,0,89.34426229508196,104,0,40.0,100.0,100.0,10,10,100.0,10.4,17,1,79,trunk,1,13,92.3076923076923,0
444,118,1,16.0,12.8,10,10,10,0,2.746666666666667,6.4,36,13.466666666666667,0,0,0,0,0,98.93617021276596,8,0,40.0,100.0,100.0,10,10,100.0,11.3,21,0,nan,none,0,nan,nan,0
445,129,1,17.466666666666665,14.266666666666667,10,10,10,0,2.9466666666666663,5.866666666666666,36,14.533333333333333,0,0,0,0,0,99.04761904761905,8,0,40.0,100.0,100.0,10,10,100.0,10.1,16,0,nan,none,0,nan,nan,0
446,135,1,18.266666666666666,15.066666666666666,10,10,10,0,2.7199999999999998,7.333333333333333,37,15.333333333333334,0,0,0,0,0,78.37837837837837,192,0,40.0,100.0,100.0,10,10,100.0,9.0,15,1,90,trunk,0,nan,nan,0
447,125,1,16.933333333333334,13.733333333333333,10,10,10,0,3.72,9.733333333333333,36,14.0,0,0,0,0,0,99.00990099009901,8,0,40.0,100.0,100.0,10,10,100.0,9.0,14,0,nan,none,0,nan,nan,0
448,136,1,18.4,15.2,10,10,10,0,3.1066666666666665,6.533333333333333,37,15.466666666666667,0,0,0,0,0,94.64285714285714,48,0,40.0,100.0,100.0,10,10,100.0,8.6,16,1,67,trunk,1,7,85.71428571428571,0
449,135,1,18.266666666666666,15.066666666666666,10,10,10,0,4.746666666666667,9.333333333333334,36,15.333333333333334,0,0,0,0,0,99.09909909909909,8,0,40.0,100.0,100.0,10,10,100.0,10.7,19,0,nan,none,0,nan,nan,0
450,113,1,15.333333333333334,11.733333333333333,10,10,10,0,4.1466666666666665,8.8,34,13.333333333333334,0,0,0,0,0,100.0,0,0,40.0,100.0,100.0,10,10,100.0,10.3,16,0,nan,none,0,nan,nan,0
451,116,1,15.733333333333333,12.133333333333333,10,10,10,0,2.1866666666666665,6.8,36,13.333333333333334,0,0,0,0,0,100.0,0,0,40.0,100.0,100.0,10,10,100.0,9.0,21,0,nan,none,0,nan,nan,0
452,110,1,14.933333333333334,10.4,10,10,10,0,4.093333333333333,9.066666666666666,28,13.333333333333334,0,0,0,0,0,100.0,0,0,40.0,100.0,100.0,10,10,100.0,10.6,17,0,nan,none,0,nan,nan,0
453,135,1,18.266666666666666,15.066666666666666,10,10,10,0,3.16,9.333333333333334,37,15.333333333333334,0,0,0,0,0,96.3963963963964,32,0,40.0,100.0,100.0,10,10,100.0,10.3,17,1,111,trunk,0,nan,nan,0
454,109,1,14.8,10.133333333333333,10,10,10,0,3.88,7.2,26,13.333333333333334,0,0,0,0,0,100.0,0,0,40.0,100.0,100.0,10,10,100.0,10.7,15,0,nan,none,0,nan,nan,0
455,117,1,15.866666666666667,12.4,10,10,10,0,1.9866666666666668,5.6,36,13.866666666666667,0,0,0,0,0,100.0,0,0,40.0,100.0,100.0,10,10,100.0,9.1,17,0,nan,none,0,nan,nan,0
456,132,1,17.866666666666667,14.666666666666666,10,10,10,0,4.013333333333334,8.666666666666666,36,14.933333333333334,0,0,0,0,0,99.07407407407408,8,0,40.0,100.0,100.0,10,10,100.0,11.8,21,0,nan,none,0,nan,nan,0
457,108,1,14.666666666666666,10.666666666666666,10,10,10,0,2.986666666666667,8.266666666666667,29,13.333333333333334,0,0,0,0,0,100.0,0,0,40.0,100.0,100.0,10,10,100.0,7.9,21,0,nan,none,0,nan,nan,0
458,144,1,19.466666666666665,16.133333333333333,10,10,10,0,3.3200000000000003,10.533333333333333,38,16.4,0,0,0,0,0,91.59663865546219,80,0,40.0,100.0,100.0,10,10,100.0,10.6,15,1,64,trunk,1,15,93.33333333333333,0
459,108,1,14.666666666666666,11.2,10,10,10,0,3.56,8.933333333333334,32,13.333333333333334,0,0,0,0,0,100.0,0,0,40.0,100.0,100.0,10,10,100.0,11.9,18,0,nan,none,0,nan,nan,0
460,131,1,17.733333333333334,14.533333333333333,10,10,10,0,3.986666666666667,7.466666666666667,36,14.8,0,0,0,0,0,99.06542056074767,8,0,40.0,100.0,100.0,10,10,100.0,11.1,21,0,nan,none,0,nan,nan,0
461,131,1,17.733333333333334,14.533333333333333,10,10,10,0,4.426666666666667,7.6,36,14.8,0,0,0,0,0,99.06542056074767,8,0,40.0,100.0,100.0,10,10,100.0,10.3,15,0,nan,none,0,nan,nan,0
462,109,1,14.8,11.066666666666666,10,10,10,0,2.4266666666666667,9.066666666666666,31,13.333333333333334,0,0,0,0,0,100.0,0,0,40.0,100.0,100.0,10,10,100.0,9.1,16,0,nan,none,0,nan,nan,0
463,114,1,15.466666666666667,12.266666666666667,10,10,10,0,3.8666666666666663,6.266666666666667,36,13.333333333333334,0,0,0,0,0,100.0,0,0,40.0,100.0,100.0,10,10,100.0,9.0,18,0,nan,none,0,nan,nan,0
464,103,1,14.0,9.733333333333333,10,10,10,0,4.106666666666667,8.266666666666667,24,12.666666666666666,0,0,0,0,0,100.0,0,0,40.0,100.0,100.0,10,10,100.0,11.5,17,0,nan,none,0,nan,nan,0
465,116,1,15.733333333333333,12.133333333333333,10,10,10,0,3.2666666666666666,6.8,36,13.333333333333334,0,0,0,0,0,100.0,0,0,40.0,100.0,100.0,10,10,100.0,8.6,16,0,nan,none,0,nan,nan,0
466,110,1,14.933333333333334,11.333333333333334,10,10,10,0,3.1333333333333333,7.066666666666666,32,13.2,0,0,0,0,0,100.0,0,0,40.0,100.0,100.0,10,10,100.0,10.3,18,0,nan,none,0,nan,nan,0
467,116,1,15.733333333333333,12.133333333333333,10,10,10,0,2.8266666666666667,8.4,36,13.333333333333334,0,0,0,0,0,100.0,0,0,40.0,100.0,100.0,10,10,100.0,9.9,17,0,nan,none,0,nan,nan,0
468,110,1,14.933333333333334,10.8,10,10,10,0,2.36,5.333333333333333,30,13.2,0,0,0,0,0,100.0,0,0,40.0,100.0,100.0,10,10,100.0,8.9,13,0,nan,none,0,nan,nan,0
469,114,1,15.466666666666667,12.0,10,10,10,0,2.7866666666666666,6.933333333333334,36,13.2,0,0,0,0,0,100.0,0,0,40.0,100.0,100.0,10,10,100.0,9.5,17,0,nan,none,0,nan,nan,0
470,136,1,18.4,14.8,10,10,10,0,3.066666666666667,6.933333333333334,37,15.2,0,0,0,0,0,85.3211009174312,128,0,40.0,100.0,100.0,10,10,100.0,9.1,15,1,74,trunk,1,17,94.11764705882352,0
471,120,1,16.266666666666666,12.933333333333334,10,10,10,0,2.44,6.133333333333334,37,13.333333333333334,0,0,0,0,0,83.15789473684211,128,0,40.0,100.0,100.0,10,10,100.0,7.2,12,1,81,trunk,0,nan,nan,0
472,132,1,17.866666666666667,14.666666666666666,10,10,10,0,3.986666666666667,8.666666666666666,36,14.933333333333334,0,0,0,0,0,99.07407407407408,8,0,40.0,100.0,100.0,10,10,100.0,11.4,19,0,nan,none,0,nan,nan,0
473,118,1,16.0,12.666666666666666,10,10,10,0,1.9599999999999997,7.333333333333333,36,13.466666666666667,0,0,0,0,0,100.0,0,0,40.0,100.0,100.0,10,10,100.0,10.0,17,0,nan,none,0,nan,nan,0
474,124,1,16.8,13.6,10,10,10,0,2.5333333333333337,4.533333333333333,36,13.866666666666667,0,0,0,0,0,99.0,8,0,40.0,100.0,100.0,10,10,100.0,10.7,19,0,nan,none,0,nan,nan,0
475,115,1,15.6,11.333333333333334,10,10,10,0,3.7333333333333334,11.333333333333334,28,14.266666666666667,0,0,0,0,0,85.54216867469879,96,0,40.0,100.0,100.0,10,10,100.0,10.7,20,1,49,line,1,13,84.61538461538461,0
476,320,1,54.93333333333333,41.2,10,4,4,0,5.833333333333333,18.0,40,37.733333333333334,4,2,0,6,0,78.21782178217822,528,6,40.0,39.130434782608695,39.130434782608695,4,4,100.0,6.25,9,1,40,trunk,0,nan,nan,0
477,114,1,15.466666666666667,12.266666666666667,10,10,10,0,2.6133333333333333,5.733333333333333,36,13.333333333333334,0,0,0,0,0,100.0,0,0,40.0,100.0,100.0,10,10,100.0,8.1,16,0,nan,none,0,nan,nan,0
478,158,1,21.333333333333332,18.133333333333333,10,10,10,0,4.8133333333333335,12.266666666666667,42,18.8,0,0,0,0,0,99.25373134328358,8,0,40.0,100.0,100.0,10,10,100.0,9.1,15,1,74,line,1,25,96.0,0
479,114,1,15.466666666666667,12.266666666666667,10,10,10,0,3.2,6.266666666666667,36,13.333333333333334,0,0,0,0,0,100.0,0,0,40.0,100.0,100.0,10,10,100.0,7.4,14,0,nan,none,0,nan,nan,0
480,125,1,16.933333333333334,13.733333333333333,10,10,10,0,3.9333333333333336,7.466666666666667,36,14.0,0,0,0,0,0,99.00990099009901,8,0,40.0,100.0,100.0,10,10,100.0,11.9,18,0,nan,none,0,nan,nan,0
481,114,1,15.466666666666667,12.266666666666667,10,10,10,0,3.1866666666666665,7.466666666666667,36,13.333333333333334,0,0,0,0,0,100.0,0,0,40.0,100.0,100.0,10,10,100.0,10.7,20,0,nan,none,0,nan,nan,0
482,110,1,14.933333333333334,11.333333333333334,10,10,10,0,2.3066666666666666,6.4,32,13.2,0,0,0,0,0,100.0,0,0,40.0,100.0,100.0,10,10,100.0,10.5,17,0,nan,none,0,nan,nan,0
483,108,1,14.666666666666666,11.2,10,10,10,0,3.6799999999999997,9.066666666666666,32,13.333333333333334,0,0,0,0,0,100.0,0,0,40.0,100.0,100.0,10,10,100.0,9.8,15,0,nan,none,0,nan,nan,0
484,114,1,15.466666666666667,12.0,10,10,10,0,4.653333333333333,7.733333333333333,36,13.2,0,0,0,0,0,100.0,0,0,40.0,100.0,100.0,10,10,100.0,12.5,18,0,nan,none,0,nan,nan,0
485,131,1,17.733333333333334,14.533333333333333,10,10,10,0,4.746666666666667,9.2,36,14.8,0,0,0,0,0,99.06542056074767,8,0,40.0,100.0,100.0,10,10,100.0,9.1,17,0,nan,none,0,nan,nan,0
486,109,1,14.8,10.133333333333333,10,10,10,0,3.8266666666666667,9.466666666666667,26,13.333333333333334,0,0,0,0,0,100.0,0,0,40.0,100.0,100.0,10,10,100.0,9.4,14,0,nan,none,0,nan,nan,0
487,135,1,18.266666666666666,15.066666666666666,10,10,10,0,6.24,9.733333333333333,36,15.333333333333334,0,0,0,0,0,99.09909909909909,8,0,40.0,100.0,100.0,10,10,100.0,11.6,18,0,nan,none,0,nan,nan,0
488,324,1,43.46666666666667,40.13333333333333,10,5,5,0,2.853333333333333,7.2,74,37.46666666666667,2,0,0,2,0,99.66555183946488,8,20,40.0,45.45454545454545,45.45454545454545,5,5,100.0,5.8,9,1,49,trunk,0,nan,nan,0
489,113,1,15.333333333333334,11.866666666666667,10,10,10,0,2.933333333333333,9.2,35,13.333333333333334,0,0,0,0,0,100.0,0,0,40.0,100.0,100.0,10,10,100.0,10.0,17,0,nan,none,0,nan,nan,0
490,127,1,17.2,14.0,10,10,10,0,4.8,8.4,36,14.266666666666667,0,0,0,0,0,99.02912621359224,8,0,40.0,100.0,100.0,10,10,100.0,11.2,22,0,nan,none,0,nan,nan,0
491,117,1,15.866666666666667,12.533333333333333,10,10,10,0,4.906666666666667,8.8,36,13.466666666666667,0,0,0,0,0,100.0,0,0,40.0,100.0,100.0,10,10,100.0,11.1,15,0,nan,none,0,nan,nan,0
492,109,1,14.8,10.133333333333333,10,10,10,0,2.4266666666666667,5.733333333333333,26,13.333333333333334,0,0,0,0,0,100.0,0,0,40.0,100.0,100.0,10,10,100.0,10.4,16,0,nan,none,0,nan,nan,0
493,116,1,15.733333333333333,12.133333333333333,10,10,10,0,3.3733333333333335,6.666666666666667,36,13.333333333333334,0,0,0,0,0,100.0,0,0,40.0,100.0,100.0,10,10,100.0,11.4,17,0,nan,none,0,nan,nan,0
494,135,1,18.266666666666666,15.066666666666666,10,10,10,0,3.7866666666666666,7.6,36,15.333333333333334,0,0,0,0,0,99.09909909909909,8,0,40.0,100.0,100.0,10,10,100.0,10.2,18,0,nan,none,0,nan,nan,0
495,130,1,17.6,14.4,10,10,10,0,3.2,7.2,37,14.666666666666666,0,0,0,0,0,90.56603773584906,80,0,40.0,100.0,100.0,10,10,100.0,11.0,19,1,100,trunk,0,nan,nan,0
496,131,1,17.733333333333334,14.533333333333333,10,10,10,0,3.6799999999999997,6.0,36,14.8,0,0,0,0,0,99.06542056074767,8,0,40.0,100.0,100.0,10,10,100.0,11.2,18,0,nan,none,0,nan,nan,0
497,113,1,15.333333333333334,11.733333333333333,10,10,10,0,2.7600000000000002,4.933333333333334,34,13.333333333333334,0,0,0,0,0,100.0,0,0,40.0,100.0,100.0,10,10,100.0,8.6,14,0,nan,none,0,nan,nan,0
498,114,1,15.466666666666667,12.266666666666667,10,10,10,0,2.88,5.6,36,13.333333333333334,0,0,0,0,0,100.0,0,0,40.0,100.0,100.0,10,10,100.0,10.8,22,0,nan,none,0,nan,nan,0
499,109,1,14.8,10.133333333333333,10,10,10,0,2.506666666666667,6.533333333333333,26,13.333333333333334,0,0,0,0,0,100.0,0,0,40.0,100.0,100.0,10,10,100.0,11.6,15,0,nan,none,0,nan,nan,0
500,136,1,18.4,15.2,10,10,10,0,4.266666666666667,8.666666666666666,37,18.0,0,0,0,0,0,92.85714285714286,64,0,40.0,100.0,100.0,10,10,100.0,9.9,16,1,48,sentinel,1,5,60.0,0
