metric,n,min,mean,median,mode,p5,p95,max
ticks_simulated,500,89,133.402,128.0,135,107.95,162.59999999999945,328
completed_flag,500,1,1.0,1.0,1,1.0,1.0,1
mission_duration_min,500,12.133333333333333,18.468266666666665,17.333333333333332,18.266666666666666,14.66,21.946666666666594,76.93333333333334
recall_time_min,500,8.533333333333333,14.644,14.0,15.066666666666666,10.133333333333333,18.746666666666595,43.6
pois_appeared,500,10,10.0,10.0,10,10.0,10.0,10
pois_found,500,0,9.742,10.0,10,10.0,10.0,10
pois_reported_on_time,500,0,9.742,10.0,10,10.0,10.0,10
pois_late_or_unreported,500,0,0.0,0.0,0,0.0,0.0,0
avg_appear_to_report_delay_min,497,0.0,3.62634984510236,3.506666666666667,2.7199999999999998,1.928,5.218666666666667,19.973333333333336
max_appear_to_report_delay_min,497,0.0,8.054460093896713,8.0,8.666666666666666,5.066666666666666,11.093333333333332,34.13333333333333
drones_used,500,24,35.424,36.0,36,26.0,40.0,83
longest_flight_min,500,11.2,15.7616,14.666666666666666,13.333333333333334,13.2,19.90666666666663,66.66666666666667
violations_over_20min_flight,500,0,0.13,0.0,0,0.0,0.049999999999954525,4
violations_late_landing,500,0,0.048,0.0,0,0.0,0.0,2
violations_late_report,500,0,0.0,0.0,0,0.0,0.0,0
total_rule_breaks,500,0,0.178,0.0,0,0.0,0.049999999999954525,6
drones_in_air_at_end,500,0,0.0,0.0,0,0.0,0.0,0
connectivity_availability_pct,500,15.555555555555555,95.47776144982615,99.07407407407408,100.0,81.52933507170795,100.0,100.0
communication_downtime_s,500,0,64.208,8.0,8,0.0,160.39999999999964,2136
relay_reallocations,500,0,0.524,0.0,0,0.0,0.14999999999986358,20
min_interuav_separation_m,500,40.0,40.0,40.0,40.0,40.0,40.0,40.0
priority_weighted_completion_pct,500,0.0,97.36921833229513,100.0,100.0,100.0,100.0,100.0
priority_weighted_decay_pct,500,0.0,97.36921833229513,100.0,100.0,100.0,100.0,100.0
packets_sent,500,0,9.742,10.0,10,10.0,10.0,10
packets_delivered,500,0,9.742,10.0,10,10.0,10.0,10
packet_delivery_ratio_pct,497,100.0,100.0,100.0,100.0,100.0,100.0,100.0
avg_packet_latency_ticks,497,3.0,9.95180846986682,9.9,9.1,7.9,11.92,13.8
max_packet_latency_ticks,497,4,16.760563380281692,17,16,13.0,21.0,26
failure_occurred,500,0,0.296,0.0,0,0.0,1.0,1
failure_tick,148,35,66.64189189189189,65.0,74,37.7,103.65,111
failure_role,500,nan,nan,nan,none,nan,nan,nan
recovered,500,0,0.23,0.0,0,0.0,1.0,1
recovery_ticks,115,4,22.17391304347826,14,13,5.0,140.0,148
reconfig_efficiency_pct,115,2.142857142857143,77.92840954095625,85.71428571428571,88.88888888888889,6.943281309478493,95.65217391304348,96.15384615384616
collision_count,500,0,0.0,0.0,0,0.0,0.0,0
